"date","wm_yr_wk","wday","month","year","d","evento","Vendas_do_dia","week_group"
"2011-01-29",11101,1,1,2011,"d_1",0,2,0
"2011-01-30",11101,2,1,2011,"d_2",0,1,0
"2011-01-31",11101,3,1,2011,"d_3",0,3,1
"2011-02-01",11101,4,2,2011,"d_4",0,1,1
"2011-02-02",11101,5,2,2011,"d_5",0,0,1
"2011-02-03",11101,6,2,2011,"d_6",0,2,1
"2011-02-04",11101,7,2,2011,"d_7",0,0,1
"2011-02-05",11102,1,2,2011,"d_8",0,1,0
"2011-02-06",11102,2,2,2011,"d_9",1,3,0
"2011-02-07",11102,3,2,2011,"d_10",0,0,1
"2011-02-08",11102,4,2,2011,"d_11",0,1,1
"2011-02-09",11102,5,2,2011,"d_12",0,1,1
"2011-02-10",11102,6,2,2011,"d_13",0,1,1
"2011-02-11",11102,7,2,2011,"d_14",0,1,1
"2011-02-12",11103,1,2,2011,"d_15",0,0,0
"2011-02-13",11103,2,2,2011,"d_16",0,2,0
"2011-02-14",11103,3,2,2011,"d_17",1,0,1
"2011-02-15",11103,4,2,2011,"d_18",0,0,1
"2011-02-16",11103,5,2,2011,"d_19",0,1,1
"2011-02-17",11103,6,2,2011,"d_20",0,0,1
"2011-02-18",11103,7,2,2011,"d_21",0,1,1
"2011-02-19",11104,1,2,2011,"d_22",0,1,0
"2011-02-20",11104,2,2,2011,"d_23",0,0,0
"2011-02-21",11104,3,2,2011,"d_24",1,1,1
"2011-02-22",11104,4,2,2011,"d_25",0,1,1
"2011-02-23",11104,5,2,2011,"d_26",0,1,1
"2011-02-24",11104,6,2,2011,"d_27",0,2,1
"2011-02-25",11104,7,2,2011,"d_28",0,2,1
"2011-02-26",11105,1,2,2011,"d_29",0,1,0
"2011-02-27",11105,2,2,2011,"d_30",0,1,0
"2011-02-28",11105,3,2,2011,"d_31",0,0,1
"2011-03-01",11105,4,3,2011,"d_32",0,2,1
"2011-03-02",11105,5,3,2011,"d_33",0,4,1
"2011-03-03",11105,6,3,2011,"d_34",0,1,1
"2011-03-04",11105,7,3,2011,"d_35",0,1,1
"2011-03-05",11106,1,3,2011,"d_36",0,1,0
"2011-03-06",11106,2,3,2011,"d_37",0,1,0
"2011-03-07",11106,3,3,2011,"d_38",0,0,1
"2011-03-08",11106,4,3,2011,"d_39",0,0,1
"2011-03-09",11106,5,3,2011,"d_40",1,0,1
"2011-03-10",11106,6,3,2011,"d_41",0,1,1
"2011-03-11",11106,7,3,2011,"d_42",0,0,1
"2011-03-12",11107,1,3,2011,"d_43",0,1,0
"2011-03-13",11107,2,3,2011,"d_44",0,1,0
"2011-03-14",11107,3,3,2011,"d_45",0,2,1
"2011-03-15",11107,4,3,2011,"d_46",0,5,1
"2011-03-16",11107,5,3,2011,"d_47",1,1,1
"2011-03-17",11107,6,3,2011,"d_48",1,1,1
"2011-03-18",11107,7,3,2011,"d_49",0,1,1
"2011-03-19",11108,1,3,2011,"d_50",0,1,0
"2011-03-20",11108,2,3,2011,"d_51",1,1,0
"2011-03-21",11108,3,3,2011,"d_52",0,2,1
"2011-03-22",11108,4,3,2011,"d_53",0,4,1
"2011-03-23",11108,5,3,2011,"d_54",0,1,1
"2011-03-24",11108,6,3,2011,"d_55",0,4,1
"2011-03-25",11108,7,3,2011,"d_56",0,1,1
"2011-03-26",11109,1,3,2011,"d_57",0,1,0
"2011-03-27",11109,2,3,2011,"d_58",0,2,0
"2011-03-28",11109,3,3,2011,"d_59",0,0,1
"2011-03-29",11109,4,3,2011,"d_60",0,0,1
"2011-03-30",11109,5,3,2011,"d_61",0,2,1
"2011-03-31",11109,6,3,2011,"d_62",0,4,1
"2011-04-01",11109,7,4,2011,"d_63",0,2,1
"2011-04-02",11110,1,4,2011,"d_64",0,4,0
"2011-04-03",11110,2,4,2011,"d_65",0,4,0
"2011-04-04",11110,3,4,2011,"d_66",0,2,1
"2011-04-05",11110,4,4,2011,"d_67",0,3,1
"2011-04-06",11110,5,4,2011,"d_68",0,0,1
"2011-04-07",11110,6,4,2011,"d_69",0,2,1
"2011-04-08",11110,7,4,2011,"d_70",0,4,1
"2011-04-09",11111,1,4,2011,"d_71",0,2,0
"2011-04-10",11111,2,4,2011,"d_72",0,3,0
"2011-04-11",11111,3,4,2011,"d_73",0,1,1
"2011-04-12",11111,4,4,2011,"d_74",0,6,1
"2011-04-13",11111,5,4,2011,"d_75",0,3,1
"2011-04-14",11111,6,4,2011,"d_76",0,1,1
"2011-04-15",11111,7,4,2011,"d_77",0,2,1
"2011-04-16",11112,1,4,2011,"d_78",0,2,0
"2011-04-17",11112,2,4,2011,"d_79",0,1,0
"2011-04-18",11112,3,4,2011,"d_80",0,5,1
"2011-04-19",11112,4,4,2011,"d_81",0,0,1
"2011-04-20",11112,5,4,2011,"d_82",0,4,1
"2011-04-21",11112,6,4,2011,"d_83",0,2,1
"2011-04-22",11112,7,4,2011,"d_84",0,3,1
"2011-04-23",11113,1,4,2011,"d_85",0,0,0
"2011-04-24",11113,2,4,2011,"d_86",1,2,0
"2011-04-25",11113,3,4,2011,"d_87",0,3,1
"2011-04-26",11113,4,4,2011,"d_88",1,0,1
"2011-04-27",11113,5,4,2011,"d_89",0,1,1
"2011-04-28",11113,6,4,2011,"d_90",0,0,1
"2011-04-29",11113,7,4,2011,"d_91",0,0,1
"2011-04-30",11114,1,4,2011,"d_92",0,1,0
"2011-05-01",11114,2,5,2011,"d_93",0,3,0
"2011-05-02",11114,3,5,2011,"d_94",0,3,1
"2011-05-03",11114,4,5,2011,"d_95",0,2,1
"2011-05-04",11114,5,5,2011,"d_96",0,0,1
"2011-05-05",11114,6,5,2011,"d_97",1,0,1
"2011-05-06",11114,7,5,2011,"d_98",0,2,1
"2011-05-07",11115,1,5,2011,"d_99",0,2,0
"2011-05-08",11115,2,5,2011,"d_100",1,0,0
"2011-05-09",11115,3,5,2011,"d_101",0,0,1
"2011-05-10",11115,4,5,2011,"d_102",0,2,1
"2011-05-11",11115,5,5,2011,"d_103",0,2,1
"2011-05-12",11115,6,5,2011,"d_104",0,3,1
"2011-05-13",11115,7,5,2011,"d_105",0,3,1
"2011-05-14",11116,1,5,2011,"d_106",0,1,0
"2011-05-15",11116,2,5,2011,"d_107",0,4,0
"2011-05-16",11116,3,5,2011,"d_108",0,2,1
"2011-05-17",11116,4,5,2011,"d_109",0,0,1
"2011-05-18",11116,5,5,2011,"d_110",0,4,1
"2011-05-19",11116,6,5,2011,"d_111",0,3,1
"2011-05-20",11116,7,5,2011,"d_112",0,0,1
"2011-05-21",11117,1,5,2011,"d_113",0,3,0
"2011-05-22",11117,2,5,2011,"d_114",0,1,0
"2011-05-23",11117,3,5,2011,"d_115",0,2,1
"2011-05-24",11117,4,5,2011,"d_116",0,1,1
"2011-05-25",11117,5,5,2011,"d_117",0,0,1
"2011-05-26",11117,6,5,2011,"d_118",0,2,1
"2011-05-27",11117,7,5,2011,"d_119",0,0,1
"2011-05-28",11118,1,5,2011,"d_120",0,2,0
"2011-05-29",11118,2,5,2011,"d_121",0,3,0
"2011-05-30",11118,3,5,2011,"d_122",1,0,1
"2011-05-31",11118,4,5,2011,"d_123",1,3,1
"2011-06-01",11118,5,6,2011,"d_124",0,2,1
"2011-06-02",11118,6,6,2011,"d_125",0,1,1
"2011-06-03",11118,7,6,2011,"d_126",0,1,1
"2011-06-04",11119,1,6,2011,"d_127",0,4,0
"2011-06-05",11119,2,6,2011,"d_128",0,1,0
"2011-06-06",11119,3,6,2011,"d_129",0,1,1
"2011-06-07",11119,4,6,2011,"d_130",0,2,1
"2011-06-08",11119,5,6,2011,"d_131",0,3,1
"2011-06-09",11119,6,6,2011,"d_132",0,2,1
"2011-06-10",11119,7,6,2011,"d_133",0,2,1
"2011-06-11",11120,1,6,2011,"d_134",0,2,0
"2011-06-12",11120,2,6,2011,"d_135",1,2,0
"2011-06-13",11120,3,6,2011,"d_136",0,0,1
"2011-06-14",11120,4,6,2011,"d_137",0,0,1
"2011-06-15",11120,5,6,2011,"d_138",0,0,1
"2011-06-16",11120,6,6,2011,"d_139",0,0,1
"2011-06-17",11120,7,6,2011,"d_140",0,3,1
"2011-06-18",11121,1,6,2011,"d_141",0,2,0
"2011-06-19",11121,2,6,2011,"d_142",1,0,0
"2011-06-20",11121,3,6,2011,"d_143",0,2,1
"2011-06-21",11121,4,6,2011,"d_144",0,0,1
"2011-06-22",11121,5,6,2011,"d_145",0,1,1
"2011-06-23",11121,6,6,2011,"d_146",0,0,1
"2011-06-24",11121,7,6,2011,"d_147",0,0,1
"2011-06-25",11122,1,6,2011,"d_148",0,1,0
"2011-06-26",11122,2,6,2011,"d_149",0,0,0
"2011-06-27",11122,3,6,2011,"d_150",0,1,1
"2011-06-28",11122,4,6,2011,"d_151",0,0,1
"2011-06-29",11122,5,6,2011,"d_152",0,0,1
"2011-06-30",11122,6,6,2011,"d_153",0,1,1
"2011-07-01",11122,7,7,2011,"d_154",0,0,1
"2011-07-02",11123,1,7,2011,"d_155",0,0,0
"2011-07-03",11123,2,7,2011,"d_156",0,0,0
"2011-07-04",11123,3,7,2011,"d_157",1,0,1
"2011-07-05",11123,4,7,2011,"d_158",0,0,1
"2011-07-06",11123,5,7,2011,"d_159",0,0,1
"2011-07-07",11123,6,7,2011,"d_160",0,1,1
"2011-07-08",11123,7,7,2011,"d_161",0,0,1
"2011-07-09",11124,1,7,2011,"d_162",0,0,0
"2011-07-10",11124,2,7,2011,"d_163",0,3,0
"2011-07-11",11124,3,7,2011,"d_164",0,1,1
"2011-07-12",11124,4,7,2011,"d_165",0,1,1
"2011-07-13",11124,5,7,2011,"d_166",0,1,1
"2011-07-14",11124,6,7,2011,"d_167",0,0,1
"2011-07-15",11124,7,7,2011,"d_168",0,2,1
"2011-07-16",11125,1,7,2011,"d_169",0,0,0
"2011-07-17",11125,2,7,2011,"d_170",0,0,0
"2011-07-18",11125,3,7,2011,"d_171",0,2,1
"2011-07-19",11125,4,7,2011,"d_172",0,1,1
"2011-07-20",11125,5,7,2011,"d_173",0,0,1
"2011-07-21",11125,6,7,2011,"d_174",0,2,1
"2011-07-22",11125,7,7,2011,"d_175",0,2,1
"2011-07-23",11126,1,7,2011,"d_176",0,1,0
"2011-07-24",11126,2,7,2011,"d_177",0,0,0
"2011-07-25",11126,3,7,2011,"d_178",0,1,1
"2011-07-26",11126,4,7,2011,"d_179",0,5,1
"2011-07-27",11126,5,7,2011,"d_180",0,2,1
"2011-07-28",11126,6,7,2011,"d_181",0,0,1
"2011-07-29",11126,7,7,2011,"d_182",0,2,1
"2011-07-30",11127,1,7,2011,"d_183",0,2,0
"2011-07-31",11127,2,7,2011,"d_184",0,1,0
"2011-08-01",11127,3,8,2011,"d_185",1,11,1
"2011-08-02",11127,4,8,2011,"d_186",0,1,1
"2011-08-03",11127,5,8,2011,"d_187",0,2,1
"2011-08-04",11127,6,8,2011,"d_188",0,0,1
"2011-08-05",11127,7,8,2011,"d_189",0,1,1
"2011-08-06",11128,1,8,2011,"d_190",0,2,0
"2011-08-07",11128,2,8,2011,"d_191",0,0,0
"2011-08-08",11128,3,8,2011,"d_192",0,1,1
"2011-08-09",11128,4,8,2011,"d_193",0,2,1
"2011-08-10",11128,5,8,2011,"d_194",0,0,1
"2011-08-11",11128,6,8,2011,"d_195",0,0,1
"2011-08-12",11128,7,8,2011,"d_196",0,3,1
"2011-08-13",11129,1,8,2011,"d_197",0,0,0
"2011-08-14",11129,2,8,2011,"d_198",0,3,0
"2011-08-15",11129,3,8,2011,"d_199",0,1,1
"2011-08-16",11129,4,8,2011,"d_200",0,0,1
"2011-08-17",11129,5,8,2011,"d_201",0,1,1
"2011-08-18",11129,6,8,2011,"d_202",0,1,1
"2011-08-19",11129,7,8,2011,"d_203",0,3,1
"2011-08-20",11130,1,8,2011,"d_204",0,1,0
"2011-08-21",11130,2,8,2011,"d_205",0,1,0
"2011-08-22",11130,3,8,2011,"d_206",0,0,1
"2011-08-23",11130,4,8,2011,"d_207",0,0,1
"2011-08-24",11130,5,8,2011,"d_208",0,0,1
"2011-08-25",11130,6,8,2011,"d_209",0,2,1
"2011-08-26",11130,7,8,2011,"d_210",0,1,1
"2011-08-27",11131,1,8,2011,"d_211",0,1,0
"2011-08-28",11131,2,8,2011,"d_212",0,0,0
"2011-08-29",11131,3,8,2011,"d_213",0,1,1
"2011-08-30",11131,4,8,2011,"d_214",0,4,1
"2011-08-31",11131,5,8,2011,"d_215",1,4,1
"2011-09-01",11131,6,9,2011,"d_216",0,3,1
"2011-09-02",11131,7,9,2011,"d_217",0,1,1
"2011-09-03",11132,1,9,2011,"d_218",0,3,0
"2011-09-04",11132,2,9,2011,"d_219",0,0,0
"2011-09-05",11132,3,9,2011,"d_220",1,1,1
"2011-09-06",11132,4,9,2011,"d_221",0,1,1
"2011-09-07",11132,5,9,2011,"d_222",0,0,1
"2011-09-08",11132,6,9,2011,"d_223",0,0,1
"2011-09-09",11132,7,9,2011,"d_224",0,0,1
"2011-09-10",11133,1,9,2011,"d_225",0,1,0
"2011-09-11",11133,2,9,2011,"d_226",0,0,0
"2011-09-12",11133,3,9,2011,"d_227",0,0,1
"2011-09-13",11133,4,9,2011,"d_228",0,2,1
"2011-09-14",11133,5,9,2011,"d_229",0,0,1
"2011-09-15",11133,6,9,2011,"d_230",0,2,1
"2011-09-16",11133,7,9,2011,"d_231",0,2,1
"2011-09-17",11134,1,9,2011,"d_232",0,1,0
"2011-09-18",11134,2,9,2011,"d_233",0,0,0
"2011-09-19",11134,3,9,2011,"d_234",0,0,1
"2011-09-20",11134,4,9,2011,"d_235",0,2,1
"2011-09-21",11134,5,9,2011,"d_236",0,1,1
"2011-09-22",11134,6,9,2011,"d_237",0,0,1
"2011-09-23",11134,7,9,2011,"d_238",0,1,1
"2011-09-24",11135,1,9,2011,"d_239",0,0,0
"2011-09-25",11135,2,9,2011,"d_240",0,3,0
"2011-09-26",11135,3,9,2011,"d_241",0,0,1
"2011-09-27",11135,4,9,2011,"d_242",0,2,1
"2011-09-28",11135,5,9,2011,"d_243",0,3,1
"2011-09-29",11135,6,9,2011,"d_244",0,0,1
"2011-09-30",11135,7,9,2011,"d_245",0,1,1
"2011-10-01",11136,1,10,2011,"d_246",0,0,0
"2011-10-02",11136,2,10,2011,"d_247",0,2,0
"2011-10-03",11136,3,10,2011,"d_248",0,2,1
"2011-10-04",11136,4,10,2011,"d_249",0,0,1
"2011-10-05",11136,5,10,2011,"d_250",0,3,1
"2011-10-06",11136,6,10,2011,"d_251",0,2,1
"2011-10-07",11136,7,10,2011,"d_252",0,2,1
"2011-10-08",11137,1,10,2011,"d_253",0,0,0
"2011-10-09",11137,2,10,2011,"d_254",0,2,0
"2011-10-10",11137,3,10,2011,"d_255",1,2,1
"2011-10-11",11137,4,10,2011,"d_256",0,4,1
"2011-10-12",11137,5,10,2011,"d_257",0,1,1
"2011-10-13",11137,6,10,2011,"d_258",0,3,1
"2011-10-14",11137,7,10,2011,"d_259",0,2,1
"2011-10-15",11138,1,10,2011,"d_260",0,1,0
"2011-10-16",11138,2,10,2011,"d_261",0,3,0
"2011-10-17",11138,3,10,2011,"d_262",0,1,1
"2011-10-18",11138,4,10,2011,"d_263",0,2,1
"2011-10-19",11138,5,10,2011,"d_264",0,3,1
"2011-10-20",11138,6,10,2011,"d_265",0,1,1
"2011-10-21",11138,7,10,2011,"d_266",0,2,1
"2011-10-22",11139,1,10,2011,"d_267",0,2,0
"2011-10-23",11139,2,10,2011,"d_268",0,2,0
"2011-10-24",11139,3,10,2011,"d_269",0,2,1
"2011-10-25",11139,4,10,2011,"d_270",0,8,1
"2011-10-26",11139,5,10,2011,"d_271",0,3,1
"2011-10-27",11139,6,10,2011,"d_272",0,6,1
"2011-10-28",11139,7,10,2011,"d_273",0,0,1
"2011-10-29",11140,1,10,2011,"d_274",0,3,0
"2011-10-30",11140,2,10,2011,"d_275",0,5,0
"2011-10-31",11140,3,10,2011,"d_276",1,3,1
"2011-11-01",11140,4,11,2011,"d_277",0,3,1
"2011-11-02",11140,5,11,2011,"d_278",0,4,1
"2011-11-03",11140,6,11,2011,"d_279",0,7,1
"2011-11-04",11140,7,11,2011,"d_280",0,1,1
"2011-11-05",11141,1,11,2011,"d_281",0,3,0
"2011-11-06",11141,2,11,2011,"d_282",0,6,0
"2011-11-07",11141,3,11,2011,"d_283",1,2,1
"2011-11-08",11141,4,11,2011,"d_284",0,1,1
"2011-11-09",11141,5,11,2011,"d_285",0,0,1
"2011-11-10",11141,6,11,2011,"d_286",0,0,1
"2011-11-11",11141,7,11,2011,"d_287",1,1,1
"2011-11-12",11142,1,11,2011,"d_288",0,2,0
"2011-11-13",11142,2,11,2011,"d_289",0,0,0
"2011-11-14",11142,3,11,2011,"d_290",0,0,1
"2011-11-15",11142,4,11,2011,"d_291",0,0,1
"2011-11-16",11142,5,11,2011,"d_292",0,0,1
"2011-11-17",11142,6,11,2011,"d_293",0,0,1
"2011-11-18",11142,7,11,2011,"d_294",0,1,1
"2011-11-19",11143,1,11,2011,"d_295",0,2,0
"2011-11-20",11143,2,11,2011,"d_296",0,2,0
"2011-11-21",11143,3,11,2011,"d_297",0,2,1
"2011-11-22",11143,4,11,2011,"d_298",0,1,1
"2011-11-23",11143,5,11,2011,"d_299",0,1,1
"2011-11-24",11143,6,11,2011,"d_300",1,2,1
"2011-11-25",11143,7,11,2011,"d_301",0,1,1
"2011-11-26",11144,1,11,2011,"d_302",0,1,0
"2011-11-27",11144,2,11,2011,"d_303",0,0,0
"2011-11-28",11144,3,11,2011,"d_304",0,2,1
"2011-11-29",11144,4,11,2011,"d_305",0,1,1
"2011-11-30",11144,5,11,2011,"d_306",0,1,1
"2011-12-01",11144,6,12,2011,"d_307",0,7,1
"2011-12-02",11144,7,12,2011,"d_308",0,2,1
"2011-12-03",11145,1,12,2011,"d_309",0,0,0
"2011-12-04",11145,2,12,2011,"d_310",0,4,0
"2011-12-05",11145,3,12,2011,"d_311",0,1,1
"2011-12-06",11145,4,12,2011,"d_312",0,2,1
"2011-12-07",11145,5,12,2011,"d_313",0,0,1
"2011-12-08",11145,6,12,2011,"d_314",0,5,1
"2011-12-09",11145,7,12,2011,"d_315",0,0,1
"2011-12-10",11146,1,12,2011,"d_316",0,2,0
"2011-12-11",11146,2,12,2011,"d_317",0,5,0
"2011-12-12",11146,3,12,2011,"d_318",0,1,1
"2011-12-13",11146,4,12,2011,"d_319",0,1,1
"2011-12-14",11146,5,12,2011,"d_320",0,1,1
"2011-12-15",11146,6,12,2011,"d_321",0,0,1
"2011-12-16",11146,7,12,2011,"d_322",0,0,1
"2011-12-17",11147,1,12,2011,"d_323",0,1,0
"2011-12-18",11147,2,12,2011,"d_324",0,2,0
"2011-12-19",11147,3,12,2011,"d_325",0,0,1
"2011-12-20",11147,4,12,2011,"d_326",0,0,1
"2011-12-21",11147,5,12,2011,"d_327",0,2,1
"2011-12-22",11147,6,12,2011,"d_328",0,1,1
"2011-12-23",11147,7,12,2011,"d_329",0,0,1
"2011-12-24",11148,1,12,2011,"d_330",0,2,0
"2011-12-25",11148,2,12,2011,"d_331",1,0,0
"2011-12-26",11148,3,12,2011,"d_332",0,0,1
"2011-12-27",11148,4,12,2011,"d_333",0,0,1
"2011-12-28",11148,5,12,2011,"d_334",1,0,1
"2011-12-29",11148,6,12,2011,"d_335",0,0,1
"2011-12-30",11148,7,12,2011,"d_336",0,0,1
"2011-12-31",11149,1,12,2011,"d_337",0,3,0
"2012-01-01",11149,2,1,2012,"d_338",1,0,0
"2012-01-02",11149,3,1,2012,"d_339",0,1,1
"2012-01-03",11149,4,1,2012,"d_340",0,1,1
"2012-01-04",11149,5,1,2012,"d_341",0,1,1
"2012-01-05",11149,6,1,2012,"d_342",0,0,1
"2012-01-06",11149,7,1,2012,"d_343",0,0,1
"2012-01-07",11150,1,1,2012,"d_344",1,3,0
"2012-01-08",11150,2,1,2012,"d_345",0,2,0
"2012-01-09",11150,3,1,2012,"d_346",0,0,1
"2012-01-10",11150,4,1,2012,"d_347",0,1,1
"2012-01-11",11150,5,1,2012,"d_348",0,5,1
"2012-01-12",11150,6,1,2012,"d_349",0,0,1
"2012-01-13",11150,7,1,2012,"d_350",0,4,1
"2012-01-14",11151,1,1,2012,"d_351",0,2,0
"2012-01-15",11151,2,1,2012,"d_352",0,1,0
"2012-01-16",11151,3,1,2012,"d_353",1,0,1
"2012-01-17",11151,4,1,2012,"d_354",0,0,1
"2012-01-18",11151,5,1,2012,"d_355",0,7,1
"2012-01-19",11151,6,1,2012,"d_356",0,1,1
"2012-01-20",11151,7,1,2012,"d_357",0,0,1
"2012-01-21",11152,1,1,2012,"d_358",0,3,0
"2012-01-22",11152,2,1,2012,"d_359",0,0,0
"2012-01-23",11152,3,1,2012,"d_360",0,1,1
"2012-01-24",11152,4,1,2012,"d_361",0,1,1
"2012-01-25",11152,5,1,2012,"d_362",0,3,1
"2012-01-26",11152,6,1,2012,"d_363",0,0,1
"2012-01-27",11152,7,1,2012,"d_364",0,1,1
"2012-01-28",11201,1,1,2012,"d_365",0,2,0
"2012-01-29",11201,2,1,2012,"d_366",0,5,0
"2012-01-30",11201,3,1,2012,"d_367",0,3,1
"2012-01-31",11201,4,1,2012,"d_368",0,6,1
"2012-02-01",11201,5,2,2012,"d_369",0,6,1
"2012-02-02",11201,6,2,2012,"d_370",0,3,1
"2012-02-03",11201,7,2,2012,"d_371",0,1,1
"2012-02-04",11202,1,2,2012,"d_372",0,0,0
"2012-02-05",11202,2,2,2012,"d_373",1,2,0
"2012-02-06",11202,3,2,2012,"d_374",0,1,1
"2012-02-07",11202,4,2,2012,"d_375",0,0,1
"2012-02-08",11202,5,2,2012,"d_376",0,2,1
"2012-02-09",11202,6,2,2012,"d_377",0,1,1
"2012-02-10",11202,7,2,2012,"d_378",0,2,1
"2012-02-11",11203,1,2,2012,"d_379",0,3,0
"2012-02-12",11203,2,2,2012,"d_380",0,4,0
"2012-02-13",11203,3,2,2012,"d_381",0,2,1
"2012-02-14",11203,4,2,2012,"d_382",1,0,1
"2012-02-15",11203,5,2,2012,"d_383",0,6,1
"2012-02-16",11203,6,2,2012,"d_384",0,1,1
"2012-02-17",11203,7,2,2012,"d_385",0,2,1
"2012-02-18",11204,1,2,2012,"d_386",0,1,0
"2012-02-19",11204,2,2,2012,"d_387",0,2,0
"2012-02-20",11204,3,2,2012,"d_388",1,3,1
"2012-02-21",11204,4,2,2012,"d_389",0,11,1
"2012-02-22",11204,5,2,2012,"d_390",1,2,1
"2012-02-23",11204,6,2,2012,"d_391",0,0,1
"2012-02-24",11204,7,2,2012,"d_392",0,0,1
"2012-02-25",11205,1,2,2012,"d_393",0,1,0
"2012-02-26",11205,2,2,2012,"d_394",0,0,0
"2012-02-27",11205,3,2,2012,"d_395",0,0,1
"2012-02-28",11205,4,2,2012,"d_396",0,1,1
"2012-02-29",11205,5,2,2012,"d_397",1,0,1
"2012-03-01",11205,6,3,2012,"d_398",0,1,1
"2012-03-02",11205,7,3,2012,"d_399",0,1,1
"2012-03-03",11206,1,3,2012,"d_400",0,0,0
"2012-03-04",11206,2,3,2012,"d_401",0,4,0
"2012-03-05",11206,3,3,2012,"d_402",0,0,1
"2012-03-06",11206,4,3,2012,"d_403",0,4,1
"2012-03-07",11206,5,3,2012,"d_404",0,2,1
"2012-03-08",11206,6,3,2012,"d_405",1,2,1
"2012-03-09",11206,7,3,2012,"d_406",0,3,1
"2012-03-10",11207,1,3,2012,"d_407",0,2,0
"2012-03-11",11207,2,3,2012,"d_408",0,5,0
"2012-03-12",11207,3,3,2012,"d_409",0,2,1
"2012-03-13",11207,4,3,2012,"d_410",0,1,1
"2012-03-14",11207,5,3,2012,"d_411",0,7,1
"2012-03-15",11207,6,3,2012,"d_412",0,2,1
"2012-03-16",11207,7,3,2012,"d_413",0,3,1
"2012-03-17",11208,1,3,2012,"d_414",1,0,0
"2012-03-18",11208,2,3,2012,"d_415",0,3,0
"2012-03-19",11208,3,3,2012,"d_416",0,4,1
"2012-03-20",11208,4,3,2012,"d_417",0,2,1
"2012-03-21",11208,5,3,2012,"d_418",0,0,1
"2012-03-22",11208,6,3,2012,"d_419",0,2,1
"2012-03-23",11208,7,3,2012,"d_420",0,0,1
"2012-03-24",11209,1,3,2012,"d_421",0,3,0
"2012-03-25",11209,2,3,2012,"d_422",0,0,0
"2012-03-26",11209,3,3,2012,"d_423",0,0,1
"2012-03-27",11209,4,3,2012,"d_424",0,1,1
"2012-03-28",11209,5,3,2012,"d_425",0,2,1
"2012-03-29",11209,6,3,2012,"d_426",0,1,1
"2012-03-30",11209,7,3,2012,"d_427",0,2,1
"2012-03-31",11210,1,3,2012,"d_428",0,3,0
"2012-04-01",11210,2,4,2012,"d_429",0,2,0
"2012-04-02",11210,3,4,2012,"d_430",0,0,1
"2012-04-03",11210,4,4,2012,"d_431",0,0,1
"2012-04-04",11210,5,4,2012,"d_432",0,1,1
"2012-04-05",11210,6,4,2012,"d_433",0,1,1
"2012-04-06",11210,7,4,2012,"d_434",0,1,1
"2012-04-07",11211,1,4,2012,"d_435",0,4,0
"2012-04-08",11211,2,4,2012,"d_436",1,5,0
"2012-04-09",11211,3,4,2012,"d_437",0,4,1
"2012-04-10",11211,4,4,2012,"d_438",0,0,1
"2012-04-11",11211,5,4,2012,"d_439",0,2,1
"2012-04-12",11211,6,4,2012,"d_440",0,0,1
"2012-04-13",11211,7,4,2012,"d_441",0,2,1
"2012-04-14",11212,1,4,2012,"d_442",1,3,0
"2012-04-15",11212,2,4,2012,"d_443",1,3,0
"2012-04-16",11212,3,4,2012,"d_444",0,0,1
"2012-04-17",11212,4,4,2012,"d_445",0,3,1
"2012-04-18",11212,5,4,2012,"d_446",0,2,1
"2012-04-19",11212,6,4,2012,"d_447",0,0,1
"2012-04-20",11212,7,4,2012,"d_448",0,0,1
"2012-04-21",11213,1,4,2012,"d_449",0,0,0
"2012-04-22",11213,2,4,2012,"d_450",0,1,0
"2012-04-23",11213,3,4,2012,"d_451",0,1,1
"2012-04-24",11213,4,4,2012,"d_452",0,0,1
"2012-04-25",11213,5,4,2012,"d_453",0,1,1
"2012-04-26",11213,6,4,2012,"d_454",0,0,1
"2012-04-27",11213,7,4,2012,"d_455",0,2,1
"2012-04-28",11214,1,4,2012,"d_456",0,0,0
"2012-04-29",11214,2,4,2012,"d_457",0,1,0
"2012-04-30",11214,3,4,2012,"d_458",0,4,1
"2012-05-01",11214,4,5,2012,"d_459",0,1,1
"2012-05-02",11214,5,5,2012,"d_460",0,4,1
"2012-05-03",11214,6,5,2012,"d_461",0,1,1
"2012-05-04",11214,7,5,2012,"d_462",0,1,1
"2012-05-05",11215,1,5,2012,"d_463",1,0,0
"2012-05-06",11215,2,5,2012,"d_464",0,3,0
"2012-05-07",11215,3,5,2012,"d_465",0,7,1
"2012-05-08",11215,4,5,2012,"d_466",0,1,1
"2012-05-09",11215,5,5,2012,"d_467",0,4,1
"2012-05-10",11215,6,5,2012,"d_468",0,3,1
"2012-05-11",11215,7,5,2012,"d_469",0,0,1
"2012-05-12",11216,1,5,2012,"d_470",0,2,0
"2012-05-13",11216,2,5,2012,"d_471",1,3,0
"2012-05-14",11216,3,5,2012,"d_472",0,0,1
"2012-05-15",11216,4,5,2012,"d_473",0,0,1
"2012-05-16",11216,5,5,2012,"d_474",0,1,1
"2012-05-17",11216,6,5,2012,"d_475",0,0,1
"2012-05-18",11216,7,5,2012,"d_476",0,1,1
"2012-05-19",11217,1,5,2012,"d_477",0,0,0
"2012-05-20",11217,2,5,2012,"d_478",0,2,0
"2012-05-21",11217,3,5,2012,"d_479",0,0,1
"2012-05-22",11217,4,5,2012,"d_480",0,1,1
"2012-05-23",11217,5,5,2012,"d_481",0,0,1
"2012-05-24",11217,6,5,2012,"d_482",0,0,1
"2012-05-25",11217,7,5,2012,"d_483",0,1,1
"2012-05-26",11218,1,5,2012,"d_484",0,2,0
"2012-05-27",11218,2,5,2012,"d_485",0,1,0
"2012-05-28",11218,3,5,2012,"d_486",1,3,1
"2012-05-29",11218,4,5,2012,"d_487",0,1,1
"2012-05-30",11218,5,5,2012,"d_488",0,2,1
"2012-05-31",11218,6,5,2012,"d_489",0,2,1
"2012-06-01",11218,7,6,2012,"d_490",0,0,1
"2012-06-02",11219,1,6,2012,"d_491",0,2,0
"2012-06-03",11219,2,6,2012,"d_492",0,2,0
"2012-06-04",11219,3,6,2012,"d_493",0,2,1
"2012-06-05",11219,4,6,2012,"d_494",0,0,1
"2012-06-06",11219,5,6,2012,"d_495",0,0,1
"2012-06-07",11219,6,6,2012,"d_496",0,1,1
"2012-06-08",11219,7,6,2012,"d_497",0,0,1
"2012-06-09",11220,1,6,2012,"d_498",0,0,0
"2012-06-10",11220,2,6,2012,"d_499",0,1,0
"2012-06-11",11220,3,6,2012,"d_500",0,0,1
"2012-06-12",11220,4,6,2012,"d_501",1,0,1
"2012-06-13",11220,5,6,2012,"d_502",0,0,1
"2012-06-14",11220,6,6,2012,"d_503",0,0,1
"2012-06-15",11220,7,6,2012,"d_504",0,3,1
"2012-06-16",11221,1,6,2012,"d_505",0,1,0
"2012-06-17",11221,2,6,2012,"d_506",1,0,0
"2012-06-18",11221,3,6,2012,"d_507",0,3,1
"2012-06-19",11221,4,6,2012,"d_508",0,1,1
"2012-06-20",11221,5,6,2012,"d_509",0,4,1
"2012-06-21",11221,6,6,2012,"d_510",1,1,1
"2012-06-22",11221,7,6,2012,"d_511",0,3,1
"2012-06-23",11222,1,6,2012,"d_512",0,2,0
"2012-06-24",11222,2,6,2012,"d_513",0,3,0
"2012-06-25",11222,3,6,2012,"d_514",0,2,1
"2012-06-26",11222,4,6,2012,"d_515",0,1,1
"2012-06-27",11222,5,6,2012,"d_516",0,1,1
"2012-06-28",11222,6,6,2012,"d_517",0,1,1
"2012-06-29",11222,7,6,2012,"d_518",0,0,1
"2012-06-30",11223,1,6,2012,"d_519",0,1,0
"2012-07-01",11223,2,7,2012,"d_520",0,1,0
"2012-07-02",11223,3,7,2012,"d_521",0,3,1
"2012-07-03",11223,4,7,2012,"d_522",0,0,1
"2012-07-04",11223,5,7,2012,"d_523",1,0,1
"2012-07-05",11223,6,7,2012,"d_524",0,0,1
"2012-07-06",11223,7,7,2012,"d_525",0,0,1
"2012-07-07",11224,1,7,2012,"d_526",0,1,0
"2012-07-08",11224,2,7,2012,"d_527",0,0,0
"2012-07-09",11224,3,7,2012,"d_528",0,4,1
"2012-07-10",11224,4,7,2012,"d_529",0,4,1
"2012-07-11",11224,5,7,2012,"d_530",0,0,1
"2012-07-12",11224,6,7,2012,"d_531",0,2,1
"2012-07-13",11224,7,7,2012,"d_532",0,2,1
"2012-07-14",11225,1,7,2012,"d_533",0,1,0
"2012-07-15",11225,2,7,2012,"d_534",0,0,0
"2012-07-16",11225,3,7,2012,"d_535",0,2,1
"2012-07-17",11225,4,7,2012,"d_536",0,0,1
"2012-07-18",11225,5,7,2012,"d_537",0,0,1
"2012-07-19",11225,6,7,2012,"d_538",0,0,1
"2012-07-20",11225,7,7,2012,"d_539",1,0,1
"2012-07-21",11226,1,7,2012,"d_540",0,1,0
"2012-07-22",11226,2,7,2012,"d_541",0,0,0
"2012-07-23",11226,3,7,2012,"d_542",0,1,1
"2012-07-24",11226,4,7,2012,"d_543",0,2,1
"2012-07-25",11226,5,7,2012,"d_544",0,0,1
"2012-07-26",11226,6,7,2012,"d_545",0,0,1
"2012-07-27",11226,7,7,2012,"d_546",0,3,1
"2012-07-28",11227,1,7,2012,"d_547",0,1,0
"2012-07-29",11227,2,7,2012,"d_548",0,5,0
"2012-07-30",11227,3,7,2012,"d_549",0,2,1
"2012-07-31",11227,4,7,2012,"d_550",0,1,1
"2012-08-01",11227,5,8,2012,"d_551",0,7,1
"2012-08-02",11227,6,8,2012,"d_552",0,2,1
"2012-08-03",11227,7,8,2012,"d_553",0,0,1
"2012-08-04",11228,1,8,2012,"d_554",0,3,0
"2012-08-05",11228,2,8,2012,"d_555",0,0,0
"2012-08-06",11228,3,8,2012,"d_556",0,2,1
"2012-08-07",11228,4,8,2012,"d_557",0,0,1
"2012-08-08",11228,5,8,2012,"d_558",0,4,1
"2012-08-09",11228,6,8,2012,"d_559",0,1,1
"2012-08-10",11228,7,8,2012,"d_560",0,1,1
"2012-08-11",11229,1,8,2012,"d_561",0,0,0
"2012-08-12",11229,2,8,2012,"d_562",0,1,0
"2012-08-13",11229,3,8,2012,"d_563",0,0,1
"2012-08-14",11229,4,8,2012,"d_564",0,0,1
"2012-08-15",11229,5,8,2012,"d_565",0,1,1
"2012-08-16",11229,6,8,2012,"d_566",0,0,1
"2012-08-17",11229,7,8,2012,"d_567",0,0,1
"2012-08-18",11230,1,8,2012,"d_568",0,0,0
"2012-08-19",11230,2,8,2012,"d_569",1,2,0
"2012-08-20",11230,3,8,2012,"d_570",0,2,1
"2012-08-21",11230,4,8,2012,"d_571",0,0,1
"2012-08-22",11230,5,8,2012,"d_572",0,3,1
"2012-08-23",11230,6,8,2012,"d_573",0,1,1
"2012-08-24",11230,7,8,2012,"d_574",0,0,1
"2012-08-25",11231,1,8,2012,"d_575",0,1,0
"2012-08-26",11231,2,8,2012,"d_576",0,5,0
"2012-08-27",11231,3,8,2012,"d_577",0,0,1
"2012-08-28",11231,4,8,2012,"d_578",0,0,1
"2012-08-29",11231,5,8,2012,"d_579",0,0,1
"2012-08-30",11231,6,8,2012,"d_580",0,2,1
"2012-08-31",11231,7,8,2012,"d_581",0,2,1
"2012-09-01",11232,1,9,2012,"d_582",0,0,0
"2012-09-02",11232,2,9,2012,"d_583",0,1,0
"2012-09-03",11232,3,9,2012,"d_584",1,0,1
"2012-09-04",11232,4,9,2012,"d_585",0,3,1
"2012-09-05",11232,5,9,2012,"d_586",0,0,1
"2012-09-06",11232,6,9,2012,"d_587",0,2,1
"2012-09-07",11232,7,9,2012,"d_588",0,0,1
"2012-09-08",11233,1,9,2012,"d_589",0,1,0
"2012-09-09",11233,2,9,2012,"d_590",0,3,0
"2012-09-10",11233,3,9,2012,"d_591",0,4,1
"2012-09-11",11233,4,9,2012,"d_592",0,0,1
"2012-09-12",11233,5,9,2012,"d_593",0,1,1
"2012-09-13",11233,6,9,2012,"d_594",0,0,1
"2012-09-14",11233,7,9,2012,"d_595",0,0,1
"2012-09-15",11234,1,9,2012,"d_596",0,1,0
"2012-09-16",11234,2,9,2012,"d_597",0,0,0
"2012-09-17",11234,3,9,2012,"d_598",0,0,1
"2012-09-18",11234,4,9,2012,"d_599",0,0,1
"2012-09-19",11234,5,9,2012,"d_600",0,1,1
"2012-09-20",11234,6,9,2012,"d_601",0,1,1
"2012-09-21",11234,7,9,2012,"d_602",0,2,1
"2012-09-22",11235,1,9,2012,"d_603",0,0,0
"2012-09-23",11235,2,9,2012,"d_604",0,4,0
"2012-09-24",11235,3,9,2012,"d_605",0,2,1
"2012-09-25",11235,4,9,2012,"d_606",0,2,1
"2012-09-26",11235,5,9,2012,"d_607",0,2,1
"2012-09-27",11235,6,9,2012,"d_608",0,1,1
"2012-09-28",11235,7,9,2012,"d_609",0,3,1
"2012-09-29",11236,1,9,2012,"d_610",0,2,0
"2012-09-30",11236,2,9,2012,"d_611",0,1,0
"2012-10-01",11236,3,10,2012,"d_612",0,5,1
"2012-10-02",11236,4,10,2012,"d_613",0,2,1
"2012-10-03",11236,5,10,2012,"d_614",0,4,1
"2012-10-04",11236,6,10,2012,"d_615",0,1,1
"2012-10-05",11236,7,10,2012,"d_616",0,0,1
"2012-10-06",11237,1,10,2012,"d_617",0,3,0
"2012-10-07",11237,2,10,2012,"d_618",0,1,0
"2012-10-08",11237,3,10,2012,"d_619",1,1,1
"2012-10-09",11237,4,10,2012,"d_620",0,2,1
"2012-10-10",11237,5,10,2012,"d_621",0,2,1
"2012-10-11",11237,6,10,2012,"d_622",0,1,1
"2012-10-12",11237,7,10,2012,"d_623",0,1,1
"2012-10-13",11238,1,10,2012,"d_624",0,6,0
"2012-10-14",11238,2,10,2012,"d_625",0,3,0
"2012-10-15",11238,3,10,2012,"d_626",0,5,1
"2012-10-16",11238,4,10,2012,"d_627",0,2,1
"2012-10-17",11238,5,10,2012,"d_628",0,3,1
"2012-10-18",11238,6,10,2012,"d_629",0,4,1
"2012-10-19",11238,7,10,2012,"d_630",0,3,1
"2012-10-20",11239,1,10,2012,"d_631",0,4,0
"2012-10-21",11239,2,10,2012,"d_632",0,4,0
"2012-10-22",11239,3,10,2012,"d_633",0,0,1
"2012-10-23",11239,4,10,2012,"d_634",0,1,1
"2012-10-24",11239,5,10,2012,"d_635",0,2,1
"2012-10-25",11239,6,10,2012,"d_636",0,1,1
"2012-10-26",11239,7,10,2012,"d_637",1,3,1
"2012-10-27",11240,1,10,2012,"d_638",0,2,0
"2012-10-28",11240,2,10,2012,"d_639",0,7,0
"2012-10-29",11240,3,10,2012,"d_640",0,13,1
"2012-10-30",11240,4,10,2012,"d_641",0,4,1
"2012-10-31",11240,5,10,2012,"d_642",1,2,1
"2012-11-01",11240,6,11,2012,"d_643",0,7,1
"2012-11-02",11240,7,11,2012,"d_644",0,1,1
"2012-11-03",11241,1,11,2012,"d_645",0,2,0
"2012-11-04",11241,2,11,2012,"d_646",0,3,0
"2012-11-05",11241,3,11,2012,"d_647",0,0,1
"2012-11-06",11241,4,11,2012,"d_648",0,2,1
"2012-11-07",11241,5,11,2012,"d_649",0,0,1
"2012-11-08",11241,6,11,2012,"d_650",0,4,1
"2012-11-09",11241,7,11,2012,"d_651",0,5,1
"2012-11-10",11242,1,11,2012,"d_652",0,5,0
"2012-11-11",11242,2,11,2012,"d_653",1,4,0
"2012-11-12",11242,3,11,2012,"d_654",0,7,1
"2012-11-13",11242,4,11,2012,"d_655",0,5,1
"2012-11-14",11242,5,11,2012,"d_656",0,1,1
"2012-11-15",11242,6,11,2012,"d_657",0,4,1
"2012-11-16",11242,7,11,2012,"d_658",0,1,1
"2012-11-17",11243,1,11,2012,"d_659",0,2,0
"2012-11-18",11243,2,11,2012,"d_660",0,3,0
"2012-11-19",11243,3,11,2012,"d_661",0,3,1
"2012-11-20",11243,4,11,2012,"d_662",0,1,1
"2012-11-21",11243,5,11,2012,"d_663",0,4,1
"2012-11-22",11243,6,11,2012,"d_664",1,0,1
"2012-11-23",11243,7,11,2012,"d_665",0,2,1
"2012-11-24",11244,1,11,2012,"d_666",0,3,0
"2012-11-25",11244,2,11,2012,"d_667",0,15,0
"2012-11-26",11244,3,11,2012,"d_668",0,2,1
"2012-11-27",11244,4,11,2012,"d_669",0,0,1
"2012-11-28",11244,5,11,2012,"d_670",0,1,1
"2012-11-29",11244,6,11,2012,"d_671",0,1,1
"2012-11-30",11244,7,11,2012,"d_672",0,2,1
"2012-12-01",11245,1,12,2012,"d_673",0,4,0
"2012-12-02",11245,2,12,2012,"d_674",0,2,0
"2012-12-03",11245,3,12,2012,"d_675",0,4,1
"2012-12-04",11245,4,12,2012,"d_676",0,1,1
"2012-12-05",11245,5,12,2012,"d_677",0,1,1
"2012-12-06",11245,6,12,2012,"d_678",0,3,1
"2012-12-07",11245,7,12,2012,"d_679",0,1,1
"2012-12-08",11246,1,12,2012,"d_680",0,5,0
"2012-12-09",11246,2,12,2012,"d_681",0,5,0
"2012-12-10",11246,3,12,2012,"d_682",0,0,1
"2012-12-11",11246,4,12,2012,"d_683",0,2,1
"2012-12-12",11246,5,12,2012,"d_684",0,1,1
"2012-12-13",11246,6,12,2012,"d_685",0,5,1
"2012-12-14",11246,7,12,2012,"d_686",0,2,1
"2012-12-15",11247,1,12,2012,"d_687",0,1,0
"2012-12-16",11247,2,12,2012,"d_688",1,0,0
"2012-12-17",11247,3,12,2012,"d_689",0,5,1
"2012-12-18",11247,4,12,2012,"d_690",0,1,1
"2012-12-19",11247,5,12,2012,"d_691",0,5,1
"2012-12-20",11247,6,12,2012,"d_692",0,1,1
"2012-12-21",11247,7,12,2012,"d_693",0,2,1
"2012-12-22",11248,1,12,2012,"d_694",0,6,0
"2012-12-23",11248,2,12,2012,"d_695",0,2,0
"2012-12-24",11248,3,12,2012,"d_696",0,1,1
"2012-12-25",11248,4,12,2012,"d_697",1,0,1
"2012-12-26",11248,5,12,2012,"d_698",0,3,1
"2012-12-27",11248,6,12,2012,"d_699",0,0,1
"2012-12-28",11248,7,12,2012,"d_700",0,5,1
"2012-12-29",11249,1,12,2012,"d_701",0,3,0
"2012-12-30",11249,2,12,2012,"d_702",0,1,0
"2012-12-31",11249,3,12,2012,"d_703",0,1,1
"2013-01-01",11249,4,1,2013,"d_704",1,1,1
"2013-01-02",11249,5,1,2013,"d_705",0,3,1
"2013-01-03",11249,6,1,2013,"d_706",0,3,1
"2013-01-04",11249,7,1,2013,"d_707",0,5,1
"2013-01-05",11250,1,1,2013,"d_708",0,2,0
"2013-01-06",11250,2,1,2013,"d_709",0,4,0
"2013-01-07",11250,3,1,2013,"d_710",1,2,1
"2013-01-08",11250,4,1,2013,"d_711",0,1,1
"2013-01-09",11250,5,1,2013,"d_712",0,0,1
"2013-01-10",11250,6,1,2013,"d_713",0,2,1
"2013-01-11",11250,7,1,2013,"d_714",0,4,1
"2013-01-12",11251,1,1,2013,"d_715",0,2,0
"2013-01-13",11251,2,1,2013,"d_716",0,5,0
"2013-01-14",11251,3,1,2013,"d_717",0,1,1
"2013-01-15",11251,4,1,2013,"d_718",0,1,1
"2013-01-16",11251,5,1,2013,"d_719",0,2,1
"2013-01-17",11251,6,1,2013,"d_720",0,6,1
"2013-01-18",11251,7,1,2013,"d_721",0,0,1
"2013-01-19",11252,1,1,2013,"d_722",0,0,0
"2013-01-20",11252,2,1,2013,"d_723",0,5,0
"2013-01-21",11252,3,1,2013,"d_724",1,2,1
"2013-01-22",11252,4,1,2013,"d_725",0,4,1
"2013-01-23",11252,5,1,2013,"d_726",0,3,1
"2013-01-24",11252,6,1,2013,"d_727",0,1,1
"2013-01-25",11252,7,1,2013,"d_728",0,3,1
"2013-01-26",11301,1,1,2013,"d_729",0,8,0
"2013-01-27",11301,2,1,2013,"d_730",0,1,0
"2013-01-28",11301,3,1,2013,"d_731",0,2,1
"2013-01-29",11301,4,1,2013,"d_732",0,0,1
"2013-01-30",11301,5,1,2013,"d_733",0,3,1
"2013-01-31",11301,6,1,2013,"d_734",0,2,1
"2013-02-01",11301,7,2,2013,"d_735",0,7,1
"2013-02-02",11302,1,2,2013,"d_736",0,4,0
"2013-02-03",11302,2,2,2013,"d_737",1,3,0
"2013-02-04",11302,3,2,2013,"d_738",0,2,1
"2013-02-05",11302,4,2,2013,"d_739",0,1,1
"2013-02-06",11302,5,2,2013,"d_740",0,5,1
"2013-02-07",11302,6,2,2013,"d_741",0,7,1
"2013-02-08",11302,7,2,2013,"d_742",0,3,1
"2013-02-09",11303,1,2,2013,"d_743",0,0,0
"2013-02-10",11303,2,2,2013,"d_744",0,3,0
"2013-02-11",11303,3,2,2013,"d_745",0,4,1
"2013-02-12",11303,4,2,2013,"d_746",0,4,1
"2013-02-13",11303,5,2,2013,"d_747",1,4,1
"2013-02-14",11303,6,2,2013,"d_748",1,3,1
"2013-02-15",11303,7,2,2013,"d_749",0,0,1
"2013-02-16",11304,1,2,2013,"d_750",0,1,0
"2013-02-17",11304,2,2,2013,"d_751",0,4,0
"2013-02-18",11304,3,2,2013,"d_752",1,0,1
"2013-02-19",11304,4,2,2013,"d_753",0,2,1
"2013-02-20",11304,5,2,2013,"d_754",1,1,1
"2013-02-21",11304,6,2,2013,"d_755",0,0,1
"2013-02-22",11304,7,2,2013,"d_756",0,4,1
"2013-02-23",11305,1,2,2013,"d_757",0,0,0
"2013-02-24",11305,2,2,2013,"d_758",1,2,0
"2013-02-25",11305,3,2,2013,"d_759",0,3,1
"2013-02-26",11305,4,2,2013,"d_760",0,4,1
"2013-02-27",11305,5,2,2013,"d_761",0,3,1
"2013-02-28",11305,6,2,2013,"d_762",0,3,1
"2013-03-01",11305,7,3,2013,"d_763",0,1,1
"2013-03-02",11306,1,3,2013,"d_764",0,4,0
"2013-03-03",11306,2,3,2013,"d_765",0,2,0
"2013-03-04",11306,3,3,2013,"d_766",0,1,1
"2013-03-05",11306,4,3,2013,"d_767",0,3,1
"2013-03-06",11306,5,3,2013,"d_768",0,4,1
"2013-03-07",11306,6,3,2013,"d_769",0,1,1
"2013-03-08",11306,7,3,2013,"d_770",0,4,1
"2013-03-09",11307,1,3,2013,"d_771",0,5,0
"2013-03-10",11307,2,3,2013,"d_772",0,4,0
"2013-03-11",11307,3,3,2013,"d_773",0,1,1
"2013-03-12",11307,4,3,2013,"d_774",0,5,1
"2013-03-13",11307,5,3,2013,"d_775",0,5,1
"2013-03-14",11307,6,3,2013,"d_776",0,7,1
"2013-03-15",11307,7,3,2013,"d_777",0,1,1
"2013-03-16",11308,1,3,2013,"d_778",0,2,0
"2013-03-17",11308,2,3,2013,"d_779",1,1,0
"2013-03-18",11308,3,3,2013,"d_780",0,1,1
"2013-03-19",11308,4,3,2013,"d_781",0,2,1
"2013-03-20",11308,5,3,2013,"d_782",0,3,1
"2013-03-21",11308,6,3,2013,"d_783",0,3,1
"2013-03-22",11308,7,3,2013,"d_784",0,6,1
"2013-03-23",11309,1,3,2013,"d_785",0,2,0
"2013-03-24",11309,2,3,2013,"d_786",0,5,0
"2013-03-25",11309,3,3,2013,"d_787",0,1,1
"2013-03-26",11309,4,3,2013,"d_788",0,2,1
"2013-03-27",11309,5,3,2013,"d_789",0,4,1
"2013-03-28",11309,6,3,2013,"d_790",0,1,1
"2013-03-29",11309,7,3,2013,"d_791",0,1,1
"2013-03-30",11310,1,3,2013,"d_792",0,0,0
"2013-03-31",11310,2,3,2013,"d_793",1,2,0
"2013-04-01",11310,3,4,2013,"d_794",0,0,1
"2013-04-02",11310,4,4,2013,"d_795",1,1,1
"2013-04-03",11310,5,4,2013,"d_796",0,1,1
"2013-04-04",11310,6,4,2013,"d_797",0,11,1
"2013-04-05",11310,7,4,2013,"d_798",0,0,1
"2013-04-06",11311,1,4,2013,"d_799",0,4,0
"2013-04-07",11311,2,4,2013,"d_800",0,1,0
"2013-04-08",11311,3,4,2013,"d_801",0,4,1
"2013-04-09",11311,4,4,2013,"d_802",0,1,1
"2013-04-10",11311,5,4,2013,"d_803",0,2,1
"2013-04-11",11311,6,4,2013,"d_804",0,1,1
"2013-04-12",11311,7,4,2013,"d_805",0,1,1
"2013-04-13",11312,1,4,2013,"d_806",0,1,0
"2013-04-14",11312,2,4,2013,"d_807",0,2,0
"2013-04-15",11312,3,4,2013,"d_808",0,0,1
"2013-04-16",11312,4,4,2013,"d_809",0,2,1
"2013-04-17",11312,5,4,2013,"d_810",0,3,1
"2013-04-18",11312,6,4,2013,"d_811",0,2,1
"2013-04-19",11312,7,4,2013,"d_812",0,1,1
"2013-04-20",11313,1,4,2013,"d_813",0,0,0
"2013-04-21",11313,2,4,2013,"d_814",0,3,0
"2013-04-22",11313,3,4,2013,"d_815",0,2,1
"2013-04-23",11313,4,4,2013,"d_816",0,0,1
"2013-04-24",11313,5,4,2013,"d_817",0,7,1
"2013-04-25",11313,6,4,2013,"d_818",0,4,1
"2013-04-26",11313,7,4,2013,"d_819",0,2,1
"2013-04-27",11314,1,4,2013,"d_820",0,0,0
"2013-04-28",11314,2,4,2013,"d_821",0,4,0
"2013-04-29",11314,3,4,2013,"d_822",0,1,1
"2013-04-30",11314,4,4,2013,"d_823",0,0,1
"2013-05-01",11314,5,5,2013,"d_824",0,1,1
"2013-05-02",11314,6,5,2013,"d_825",0,1,1
"2013-05-03",11314,7,5,2013,"d_826",0,1,1
"2013-05-04",11315,1,5,2013,"d_827",0,0,0
"2013-05-05",11315,2,5,2013,"d_828",1,0,0
"2013-05-06",11315,3,5,2013,"d_829",0,0,1
"2013-05-07",11315,4,5,2013,"d_830",0,1,1
"2013-05-08",11315,5,5,2013,"d_831",0,1,1
"2013-05-09",11315,6,5,2013,"d_832",0,1,1
"2013-05-10",11315,7,5,2013,"d_833",0,1,1
"2013-05-11",11316,1,5,2013,"d_834",0,5,0
"2013-05-12",11316,2,5,2013,"d_835",1,4,0
"2013-05-13",11316,3,5,2013,"d_836",0,1,1
"2013-05-14",11316,4,5,2013,"d_837",0,2,1
"2013-05-15",11316,5,5,2013,"d_838",0,3,1
"2013-05-16",11316,6,5,2013,"d_839",0,2,1
"2013-05-17",11316,7,5,2013,"d_840",0,0,1
"2013-05-18",11317,1,5,2013,"d_841",0,2,0
"2013-05-19",11317,2,5,2013,"d_842",0,4,0
"2013-05-20",11317,3,5,2013,"d_843",0,4,1
"2013-05-21",11317,4,5,2013,"d_844",0,2,1
"2013-05-22",11317,5,5,2013,"d_845",0,4,1
"2013-05-23",11317,6,5,2013,"d_846",0,3,1
"2013-05-24",11317,7,5,2013,"d_847",0,4,1
"2013-05-25",11318,1,5,2013,"d_848",0,0,0
"2013-05-26",11318,2,5,2013,"d_849",0,2,0
"2013-05-27",11318,3,5,2013,"d_850",1,2,1
"2013-05-28",11318,4,5,2013,"d_851",0,0,1
"2013-05-29",11318,5,5,2013,"d_852",0,4,1
"2013-05-30",11318,6,5,2013,"d_853",0,0,1
"2013-05-31",11318,7,5,2013,"d_854",0,3,1
"2013-06-01",11319,1,6,2013,"d_855",0,4,0
"2013-06-02",11319,2,6,2013,"d_856",0,1,0
"2013-06-03",11319,3,6,2013,"d_857",0,3,1
"2013-06-04",11319,4,6,2013,"d_858",0,1,1
"2013-06-05",11319,5,6,2013,"d_859",0,0,1
"2013-06-06",11319,6,6,2013,"d_860",1,0,1
"2013-06-07",11319,7,6,2013,"d_861",0,1,1
"2013-06-08",11320,1,6,2013,"d_862",0,0,0
"2013-06-09",11320,2,6,2013,"d_863",0,6,0
"2013-06-10",11320,3,6,2013,"d_864",0,3,1
"2013-06-11",11320,4,6,2013,"d_865",0,2,1
"2013-06-12",11320,5,6,2013,"d_866",0,3,1
"2013-06-13",11320,6,6,2013,"d_867",0,1,1
"2013-06-14",11320,7,6,2013,"d_868",0,2,1
"2013-06-15",11321,1,6,2013,"d_869",0,1,0
"2013-06-16",11321,2,6,2013,"d_870",1,1,0
"2013-06-17",11321,3,6,2013,"d_871",0,0,1
"2013-06-18",11321,4,6,2013,"d_872",0,0,1
"2013-06-19",11321,5,6,2013,"d_873",0,1,1
"2013-06-20",11321,6,6,2013,"d_874",1,0,1
"2013-06-21",11321,7,6,2013,"d_875",0,5,1
"2013-06-22",11322,1,6,2013,"d_876",0,1,0
"2013-06-23",11322,2,6,2013,"d_877",0,2,0
"2013-06-24",11322,3,6,2013,"d_878",0,2,1
"2013-06-25",11322,4,6,2013,"d_879",0,0,1
"2013-06-26",11322,5,6,2013,"d_880",0,1,1
"2013-06-27",11322,6,6,2013,"d_881",0,1,1
"2013-06-28",11322,7,6,2013,"d_882",0,1,1
"2013-06-29",11323,1,6,2013,"d_883",0,2,0
"2013-06-30",11323,2,6,2013,"d_884",0,0,0
"2013-07-01",11323,3,7,2013,"d_885",0,2,1
"2013-07-02",11323,4,7,2013,"d_886",0,0,1
"2013-07-03",11323,5,7,2013,"d_887",0,1,1
"2013-07-04",11323,6,7,2013,"d_888",1,0,1
"2013-07-05",11323,7,7,2013,"d_889",0,2,1
"2013-07-06",11324,1,7,2013,"d_890",0,0,0
"2013-07-07",11324,2,7,2013,"d_891",0,0,0
"2013-07-08",11324,3,7,2013,"d_892",0,1,1
"2013-07-09",11324,4,7,2013,"d_893",1,1,1
"2013-07-10",11324,5,7,2013,"d_894",0,0,1
"2013-07-11",11324,6,7,2013,"d_895",0,1,1
"2013-07-12",11324,7,7,2013,"d_896",0,3,1
"2013-07-13",11325,1,7,2013,"d_897",0,1,0
"2013-07-14",11325,2,7,2013,"d_898",0,1,0
"2013-07-15",11325,3,7,2013,"d_899",0,4,1
"2013-07-16",11325,4,7,2013,"d_900",0,0,1
"2013-07-17",11325,5,7,2013,"d_901",0,1,1
"2013-07-18",11325,6,7,2013,"d_902",0,1,1
"2013-07-19",11325,7,7,2013,"d_903",0,0,1
"2013-07-20",11326,1,7,2013,"d_904",0,2,0
"2013-07-21",11326,2,7,2013,"d_905",0,1,0
"2013-07-22",11326,3,7,2013,"d_906",0,2,1
"2013-07-23",11326,4,7,2013,"d_907",0,1,1
"2013-07-24",11326,5,7,2013,"d_908",0,0,1
"2013-07-25",11326,6,7,2013,"d_909",0,0,1
"2013-07-26",11326,7,7,2013,"d_910",0,1,1
"2013-07-27",11327,1,7,2013,"d_911",0,3,0
"2013-07-28",11327,2,7,2013,"d_912",0,2,0
"2013-07-29",11327,3,7,2013,"d_913",0,3,1
"2013-07-30",11327,4,7,2013,"d_914",0,0,1
"2013-07-31",11327,5,7,2013,"d_915",0,2,1
"2013-08-01",11327,6,8,2013,"d_916",0,0,1
"2013-08-02",11327,7,8,2013,"d_917",0,0,1
"2013-08-03",11328,1,8,2013,"d_918",0,0,0
"2013-08-04",11328,2,8,2013,"d_919",0,1,0
"2013-08-05",11328,3,8,2013,"d_920",0,1,1
"2013-08-06",11328,4,8,2013,"d_921",0,0,1
"2013-08-07",11328,5,8,2013,"d_922",0,1,1
"2013-08-08",11328,6,8,2013,"d_923",1,0,1
"2013-08-09",11328,7,8,2013,"d_924",0,1,1
"2013-08-10",11329,1,8,2013,"d_925",0,0,0
"2013-08-11",11329,2,8,2013,"d_926",0,5,0
"2013-08-12",11329,3,8,2013,"d_927",0,3,1
"2013-08-13",11329,4,8,2013,"d_928",0,0,1
"2013-08-14",11329,5,8,2013,"d_929",0,0,1
"2013-08-15",11329,6,8,2013,"d_930",0,0,1
"2013-08-16",11329,7,8,2013,"d_931",0,0,1
"2013-08-17",11330,1,8,2013,"d_932",0,2,0
"2013-08-18",11330,2,8,2013,"d_933",0,0,0
"2013-08-19",11330,3,8,2013,"d_934",0,1,1
"2013-08-20",11330,4,8,2013,"d_935",0,3,1
"2013-08-21",11330,5,8,2013,"d_936",0,0,1
"2013-08-22",11330,6,8,2013,"d_937",0,2,1
"2013-08-23",11330,7,8,2013,"d_938",0,0,1
"2013-08-24",11331,1,8,2013,"d_939",0,6,0
"2013-08-25",11331,2,8,2013,"d_940",0,2,0
"2013-08-26",11331,3,8,2013,"d_941",0,0,1
"2013-08-27",11331,4,8,2013,"d_942",0,0,1
"2013-08-28",11331,5,8,2013,"d_943",0,0,1
"2013-08-29",11331,6,8,2013,"d_944",0,2,1
"2013-08-30",11331,7,8,2013,"d_945",0,1,1
"2013-08-31",11332,1,8,2013,"d_946",0,0,0
"2013-09-01",11332,2,9,2013,"d_947",0,0,0
"2013-09-02",11332,3,9,2013,"d_948",1,1,1
"2013-09-03",11332,4,9,2013,"d_949",0,2,1
"2013-09-04",11332,5,9,2013,"d_950",0,5,1
"2013-09-05",11332,6,9,2013,"d_951",0,2,1
"2013-09-06",11332,7,9,2013,"d_952",0,1,1
"2013-09-07",11333,1,9,2013,"d_953",0,3,0
"2013-09-08",11333,2,9,2013,"d_954",0,1,0
"2013-09-09",11333,3,9,2013,"d_955",0,1,1
"2013-09-10",11333,4,9,2013,"d_956",0,3,1
"2013-09-11",11333,5,9,2013,"d_957",0,3,1
"2013-09-12",11333,6,9,2013,"d_958",0,1,1
"2013-09-13",11333,7,9,2013,"d_959",0,0,1
"2013-09-14",11334,1,9,2013,"d_960",0,2,0
"2013-09-15",11334,2,9,2013,"d_961",0,5,0
"2013-09-16",11334,3,9,2013,"d_962",0,1,1
"2013-09-17",11334,4,9,2013,"d_963",0,2,1
"2013-09-18",11334,5,9,2013,"d_964",0,7,1
"2013-09-19",11334,6,9,2013,"d_965",0,0,1
"2013-09-20",11334,7,9,2013,"d_966",0,5,1
"2013-09-21",11335,1,9,2013,"d_967",0,6,0
"2013-09-22",11335,2,9,2013,"d_968",0,1,0
"2013-09-23",11335,3,9,2013,"d_969",0,5,1
"2013-09-24",11335,4,9,2013,"d_970",0,1,1
"2013-09-25",11335,5,9,2013,"d_971",0,4,1
"2013-09-26",11335,6,9,2013,"d_972",0,2,1
"2013-09-27",11335,7,9,2013,"d_973",0,4,1
"2013-09-28",11336,1,9,2013,"d_974",0,2,0
"2013-09-29",11336,2,9,2013,"d_975",0,0,0
"2013-09-30",11336,3,9,2013,"d_976",0,2,1
"2013-10-01",11336,4,10,2013,"d_977",0,0,1
"2013-10-02",11336,5,10,2013,"d_978",0,3,1
"2013-10-03",11336,6,10,2013,"d_979",0,0,1
"2013-10-04",11336,7,10,2013,"d_980",0,1,1
"2013-10-05",11337,1,10,2013,"d_981",0,3,0
"2013-10-06",11337,2,10,2013,"d_982",0,3,0
"2013-10-07",11337,3,10,2013,"d_983",0,0,1
"2013-10-08",11337,4,10,2013,"d_984",0,2,1
"2013-10-09",11337,5,10,2013,"d_985",0,2,1
"2013-10-10",11337,6,10,2013,"d_986",0,2,1
"2013-10-11",11337,7,10,2013,"d_987",0,2,1
"2013-10-12",11338,1,10,2013,"d_988",0,1,0
"2013-10-13",11338,2,10,2013,"d_989",0,3,0
"2013-10-14",11338,3,10,2013,"d_990",1,0,1
"2013-10-15",11338,4,10,2013,"d_991",1,3,1
"2013-10-16",11338,5,10,2013,"d_992",0,1,1
"2013-10-17",11338,6,10,2013,"d_993",0,2,1
"2013-10-18",11338,7,10,2013,"d_994",0,2,1
"2013-10-19",11339,1,10,2013,"d_995",0,4,0
"2013-10-20",11339,2,10,2013,"d_996",0,2,0
"2013-10-21",11339,3,10,2013,"d_997",0,1,1
"2013-10-22",11339,4,10,2013,"d_998",0,1,1
"2013-10-23",11339,5,10,2013,"d_999",0,4,1
"2013-10-24",11339,6,10,2013,"d_1000",0,4,1
"2013-10-25",11339,7,10,2013,"d_1001",0,2,1
"2013-10-26",11340,1,10,2013,"d_1002",0,5,0
"2013-10-27",11340,2,10,2013,"d_1003",0,2,0
"2013-10-28",11340,3,10,2013,"d_1004",0,6,1
"2013-10-29",11340,4,10,2013,"d_1005",0,1,1
"2013-10-30",11340,5,10,2013,"d_1006",0,8,1
"2013-10-31",11340,6,10,2013,"d_1007",1,3,1
"2013-11-01",11340,7,11,2013,"d_1008",0,2,1
"2013-11-02",11341,1,11,2013,"d_1009",0,5,0
"2013-11-03",11341,2,11,2013,"d_1010",0,8,0
"2013-11-04",11341,3,11,2013,"d_1011",0,4,1
"2013-11-05",11341,4,11,2013,"d_1012",0,1,1
"2013-11-06",11341,5,11,2013,"d_1013",0,7,1
"2013-11-07",11341,6,11,2013,"d_1014",0,1,1
"2013-11-08",11341,7,11,2013,"d_1015",0,1,1
"2013-11-09",11342,1,11,2013,"d_1016",0,2,0
"2013-11-10",11342,2,11,2013,"d_1017",0,0,0
"2013-11-11",11342,3,11,2013,"d_1018",1,1,1
"2013-11-12",11342,4,11,2013,"d_1019",0,1,1
"2013-11-13",11342,5,11,2013,"d_1020",0,1,1
"2013-11-14",11342,6,11,2013,"d_1021",0,4,1
"2013-11-15",11342,7,11,2013,"d_1022",0,1,1
"2013-11-16",11343,1,11,2013,"d_1023",0,4,0
"2013-11-17",11343,2,11,2013,"d_1024",0,2,0
"2013-11-18",11343,3,11,2013,"d_1025",0,1,1
"2013-11-19",11343,4,11,2013,"d_1026",0,1,1
"2013-11-20",11343,5,11,2013,"d_1027",0,3,1
"2013-11-21",11343,6,11,2013,"d_1028",0,5,1
"2013-11-22",11343,7,11,2013,"d_1029",0,2,1
"2013-11-23",11344,1,11,2013,"d_1030",0,2,0
"2013-11-24",11344,2,11,2013,"d_1031",0,6,0
"2013-11-25",11344,3,11,2013,"d_1032",0,2,1
"2013-11-26",11344,4,11,2013,"d_1033",0,0,1
"2013-11-27",11344,5,11,2013,"d_1034",0,0,1
"2013-11-28",11344,6,11,2013,"d_1035",1,2,1
"2013-11-29",11344,7,11,2013,"d_1036",0,1,1
"2013-11-30",11345,1,11,2013,"d_1037",0,3,0
"2013-12-01",11345,2,12,2013,"d_1038",0,0,0
"2013-12-02",11345,3,12,2013,"d_1039",0,2,1
"2013-12-03",11345,4,12,2013,"d_1040",0,7,1
"2013-12-04",11345,5,12,2013,"d_1041",0,3,1
"2013-12-05",11345,6,12,2013,"d_1042",1,0,1
"2013-12-06",11345,7,12,2013,"d_1043",0,4,1
"2013-12-07",11346,1,12,2013,"d_1044",0,9,0
"2013-12-08",11346,2,12,2013,"d_1045",0,8,0
"2013-12-09",11346,3,12,2013,"d_1046",0,2,1
"2013-12-10",11346,4,12,2013,"d_1047",0,3,1
"2013-12-11",11346,5,12,2013,"d_1048",0,11,1
"2013-12-12",11346,6,12,2013,"d_1049",0,1,1
"2013-12-13",11346,7,12,2013,"d_1050",0,1,1
"2013-12-14",11347,1,12,2013,"d_1051",0,4,0
"2013-12-15",11347,2,12,2013,"d_1052",0,2,0
"2013-12-16",11347,3,12,2013,"d_1053",0,3,1
"2013-12-17",11347,4,12,2013,"d_1054",0,2,1
"2013-12-18",11347,5,12,2013,"d_1055",0,5,1
"2013-12-19",11347,6,12,2013,"d_1056",0,2,1
"2013-12-20",11347,7,12,2013,"d_1057",0,1,1
"2013-12-21",11348,1,12,2013,"d_1058",0,2,0
"2013-12-22",11348,2,12,2013,"d_1059",0,1,0
"2013-12-23",11348,3,12,2013,"d_1060",0,3,1
"2013-12-24",11348,4,12,2013,"d_1061",0,2,1
"2013-12-25",11348,5,12,2013,"d_1062",1,0,1
"2013-12-26",11348,6,12,2013,"d_1063",0,2,1
"2013-12-27",11348,7,12,2013,"d_1064",0,0,1
"2013-12-28",11349,1,12,2013,"d_1065",0,1,0
"2013-12-29",11349,2,12,2013,"d_1066",0,1,0
"2013-12-30",11349,3,12,2013,"d_1067",0,1,1
"2013-12-31",11349,4,12,2013,"d_1068",0,0,1
"2014-01-01",11349,5,1,2014,"d_1069",1,1,1
"2014-01-02",11349,6,1,2014,"d_1070",0,0,1
"2014-01-03",11349,7,1,2014,"d_1071",0,0,1
"2014-01-04",11350,1,1,2014,"d_1072",0,1,0
"2014-01-05",11350,2,1,2014,"d_1073",0,1,0
"2014-01-06",11350,3,1,2014,"d_1074",0,8,1
"2014-01-07",11350,4,1,2014,"d_1075",1,3,1
"2014-01-08",11350,5,1,2014,"d_1076",0,2,1
"2014-01-09",11350,6,1,2014,"d_1077",0,1,1
"2014-01-10",11350,7,1,2014,"d_1078",0,1,1
"2014-01-11",11351,1,1,2014,"d_1079",0,0,0
"2014-01-12",11351,2,1,2014,"d_1080",0,3,0
"2014-01-13",11351,3,1,2014,"d_1081",0,1,1
"2014-01-14",11351,4,1,2014,"d_1082",0,2,1
"2014-01-15",11351,5,1,2014,"d_1083",0,3,1
"2014-01-16",11351,6,1,2014,"d_1084",0,0,1
"2014-01-17",11351,7,1,2014,"d_1085",0,4,1
"2014-01-18",11352,1,1,2014,"d_1086",0,0,0
"2014-01-19",11352,2,1,2014,"d_1087",0,3,0
"2014-01-20",11352,3,1,2014,"d_1088",1,6,1
"2014-01-21",11352,4,1,2014,"d_1089",0,1,1
"2014-01-22",11352,5,1,2014,"d_1090",0,1,1
"2014-01-23",11352,6,1,2014,"d_1091",0,7,1
"2014-01-24",11352,7,1,2014,"d_1092",0,0,1
"2014-01-25",11353,1,1,2014,"d_1093",0,2,0
"2014-01-26",11353,2,1,2014,"d_1094",0,2,0
"2014-01-27",11353,3,1,2014,"d_1095",0,4,1
"2014-01-28",11353,4,1,2014,"d_1096",0,0,1
"2014-01-29",11353,5,1,2014,"d_1097",0,3,1
"2014-01-30",11353,6,1,2014,"d_1098",0,0,1
"2014-01-31",11353,7,1,2014,"d_1099",0,1,1
"2014-02-01",11401,1,2,2014,"d_1100",0,3,0
"2014-02-02",11401,2,2,2014,"d_1101",1,0,0
"2014-02-03",11401,3,2,2014,"d_1102",0,1,1
"2014-02-04",11401,4,2,2014,"d_1103",0,4,1
"2014-02-05",11401,5,2,2014,"d_1104",0,2,1
"2014-02-06",11401,6,2,2014,"d_1105",0,2,1
"2014-02-07",11401,7,2,2014,"d_1106",0,2,1
"2014-02-08",11402,1,2,2014,"d_1107",0,1,0
"2014-02-09",11402,2,2,2014,"d_1108",0,1,0
"2014-02-10",11402,3,2,2014,"d_1109",0,0,1
"2014-02-11",11402,4,2,2014,"d_1110",0,1,1
"2014-02-12",11402,5,2,2014,"d_1111",0,6,1
"2014-02-13",11402,6,2,2014,"d_1112",0,3,1
"2014-02-14",11402,7,2,2014,"d_1113",1,2,1
"2014-02-15",11403,1,2,2014,"d_1114",0,1,0
"2014-02-16",11403,2,2,2014,"d_1115",0,1,0
"2014-02-17",11403,3,2,2014,"d_1116",1,2,1
"2014-02-18",11403,4,2,2014,"d_1117",0,1,1
"2014-02-19",11403,5,2,2014,"d_1118",0,1,1
"2014-02-20",11403,6,2,2014,"d_1119",0,1,1
"2014-02-21",11403,7,2,2014,"d_1120",0,1,1
"2014-02-22",11404,1,2,2014,"d_1121",0,1,0
"2014-02-23",11404,2,2,2014,"d_1122",0,1,0
"2014-02-24",11404,3,2,2014,"d_1123",0,0,1
"2014-02-25",11404,4,2,2014,"d_1124",0,1,1
"2014-02-26",11404,5,2,2014,"d_1125",0,1,1
"2014-02-27",11404,6,2,2014,"d_1126",0,2,1
"2014-02-28",11404,7,2,2014,"d_1127",0,3,1
"2014-03-01",11405,1,3,2014,"d_1128",0,1,0
"2014-03-02",11405,2,3,2014,"d_1129",0,4,0
"2014-03-03",11405,3,3,2014,"d_1130",0,3,1
"2014-03-04",11405,4,3,2014,"d_1131",0,3,1
"2014-03-05",11405,5,3,2014,"d_1132",1,3,1
"2014-03-06",11405,6,3,2014,"d_1133",0,5,1
"2014-03-07",11405,7,3,2014,"d_1134",0,1,1
"2014-03-08",11406,1,3,2014,"d_1135",0,0,0
"2014-03-09",11406,2,3,2014,"d_1136",0,5,0
"2014-03-10",11406,3,3,2014,"d_1137",0,0,1
"2014-03-11",11406,4,3,2014,"d_1138",0,1,1
"2014-03-12",11406,5,3,2014,"d_1139",1,0,1
"2014-03-13",11406,6,3,2014,"d_1140",0,2,1
"2014-03-14",11406,7,3,2014,"d_1141",0,4,1
"2014-03-15",11407,1,3,2014,"d_1142",0,0,0
"2014-03-16",11407,2,3,2014,"d_1143",1,2,0
"2014-03-17",11407,3,3,2014,"d_1144",1,1,1
"2014-03-18",11407,4,3,2014,"d_1145",0,3,1
"2014-03-19",11407,5,3,2014,"d_1146",0,1,1
"2014-03-20",11407,6,3,2014,"d_1147",0,0,1
"2014-03-21",11407,7,3,2014,"d_1148",0,0,1
"2014-03-22",11408,1,3,2014,"d_1149",0,4,0
"2014-03-23",11408,2,3,2014,"d_1150",0,3,0
"2014-03-24",11408,3,3,2014,"d_1151",0,3,1
"2014-03-25",11408,4,3,2014,"d_1152",0,1,1
"2014-03-26",11408,5,3,2014,"d_1153",0,1,1
"2014-03-27",11408,6,3,2014,"d_1154",0,5,1
"2014-03-28",11408,7,3,2014,"d_1155",0,1,1
"2014-03-29",11409,1,3,2014,"d_1156",0,1,0
"2014-03-30",11409,2,3,2014,"d_1157",0,2,0
"2014-03-31",11409,3,3,2014,"d_1158",0,0,1
"2014-04-01",11409,4,4,2014,"d_1159",0,0,1
"2014-04-02",11409,5,4,2014,"d_1160",0,0,1
"2014-04-03",11409,6,4,2014,"d_1161",0,4,1
"2014-04-04",11409,7,4,2014,"d_1162",0,1,1
"2014-04-05",11410,1,4,2014,"d_1163",0,2,0
"2014-04-06",11410,2,4,2014,"d_1164",0,3,0
"2014-04-07",11410,3,4,2014,"d_1165",0,0,1
"2014-04-08",11410,4,4,2014,"d_1166",0,1,1
"2014-04-09",11410,5,4,2014,"d_1167",0,1,1
"2014-04-10",11410,6,4,2014,"d_1168",0,1,1
"2014-04-11",11410,7,4,2014,"d_1169",0,5,1
"2014-04-12",11411,1,4,2014,"d_1170",0,1,0
"2014-04-13",11411,2,4,2014,"d_1171",0,2,0
"2014-04-14",11411,3,4,2014,"d_1172",0,1,1
"2014-04-15",11411,4,4,2014,"d_1173",0,3,1
"2014-04-16",11411,5,4,2014,"d_1174",0,3,1
"2014-04-17",11411,6,4,2014,"d_1175",0,5,1
"2014-04-18",11411,7,4,2014,"d_1176",0,0,1
"2014-04-19",11412,1,4,2014,"d_1177",0,3,0
"2014-04-20",11412,2,4,2014,"d_1178",1,5,0
"2014-04-21",11412,3,4,2014,"d_1179",0,0,1
"2014-04-22",11412,4,4,2014,"d_1180",1,5,1
"2014-04-23",11412,5,4,2014,"d_1181",0,5,1
"2014-04-24",11412,6,4,2014,"d_1182",0,2,1
"2014-04-25",11412,7,4,2014,"d_1183",0,2,1
"2014-04-26",11413,1,4,2014,"d_1184",0,8,0
"2014-04-27",11413,2,4,2014,"d_1185",0,3,0
"2014-04-28",11413,3,4,2014,"d_1186",0,4,1
"2014-04-29",11413,4,4,2014,"d_1187",0,4,1
"2014-04-30",11413,5,4,2014,"d_1188",0,0,1
"2014-05-01",11413,6,5,2014,"d_1189",0,4,1
"2014-05-02",11413,7,5,2014,"d_1190",0,2,1
"2014-05-03",11414,1,5,2014,"d_1191",0,1,0
"2014-05-04",11414,2,5,2014,"d_1192",0,4,0
"2014-05-05",11414,3,5,2014,"d_1193",1,3,1
"2014-05-06",11414,4,5,2014,"d_1194",0,0,1
"2014-05-07",11414,5,5,2014,"d_1195",0,0,1
"2014-05-08",11414,6,5,2014,"d_1196",0,3,1
"2014-05-09",11414,7,5,2014,"d_1197",0,1,1
"2014-05-10",11415,1,5,2014,"d_1198",0,4,0
"2014-05-11",11415,2,5,2014,"d_1199",1,3,0
"2014-05-12",11415,3,5,2014,"d_1200",0,0,1
"2014-05-13",11415,4,5,2014,"d_1201",0,2,1
"2014-05-14",11415,5,5,2014,"d_1202",0,3,1
"2014-05-15",11415,6,5,2014,"d_1203",0,1,1
"2014-05-16",11415,7,5,2014,"d_1204",0,0,1
"2014-05-17",11416,1,5,2014,"d_1205",0,1,0
"2014-05-18",11416,2,5,2014,"d_1206",0,5,0
"2014-05-19",11416,3,5,2014,"d_1207",0,5,1
"2014-05-20",11416,4,5,2014,"d_1208",0,0,1
"2014-05-21",11416,5,5,2014,"d_1209",0,3,1
"2014-05-22",11416,6,5,2014,"d_1210",0,1,1
"2014-05-23",11416,7,5,2014,"d_1211",0,3,1
"2014-05-24",11417,1,5,2014,"d_1212",0,1,0
"2014-05-25",11417,2,5,2014,"d_1213",0,0,0
"2014-05-26",11417,3,5,2014,"d_1214",1,4,1
"2014-05-27",11417,4,5,2014,"d_1215",0,0,1
"2014-05-28",11417,5,5,2014,"d_1216",0,1,1
"2014-05-29",11417,6,5,2014,"d_1217",0,2,1
"2014-05-30",11417,7,5,2014,"d_1218",0,0,1
"2014-05-31",11418,1,5,2014,"d_1219",0,1,0
"2014-06-01",11418,2,6,2014,"d_1220",0,2,0
"2014-06-02",11418,3,6,2014,"d_1221",0,0,1
"2014-06-03",11418,4,6,2014,"d_1222",0,0,1
"2014-06-04",11418,5,6,2014,"d_1223",0,3,1
"2014-06-05",11418,6,6,2014,"d_1224",1,0,1
"2014-06-06",11418,7,6,2014,"d_1225",0,1,1
"2014-06-07",11419,1,6,2014,"d_1226",0,1,0
"2014-06-08",11419,2,6,2014,"d_1227",0,0,0
"2014-06-09",11419,3,6,2014,"d_1228",0,2,1
"2014-06-10",11419,4,6,2014,"d_1229",0,6,1
"2014-06-11",11419,5,6,2014,"d_1230",0,2,1
"2014-06-12",11419,6,6,2014,"d_1231",0,0,1
"2014-06-13",11419,7,6,2014,"d_1232",0,0,1
"2014-06-14",11420,1,6,2014,"d_1233",0,1,0
"2014-06-15",11420,2,6,2014,"d_1234",1,4,0
"2014-06-16",11420,3,6,2014,"d_1235",0,2,1
"2014-06-17",11420,4,6,2014,"d_1236",0,1,1
"2014-06-18",11420,5,6,2014,"d_1237",0,0,1
"2014-06-19",11420,6,6,2014,"d_1238",0,1,1
"2014-06-20",11420,7,6,2014,"d_1239",0,2,1
"2014-06-21",11421,1,6,2014,"d_1240",0,1,0
"2014-06-22",11421,2,6,2014,"d_1241",0,2,0
"2014-06-23",11421,3,6,2014,"d_1242",0,1,1
"2014-06-24",11421,4,6,2014,"d_1243",0,1,1
"2014-06-25",11421,5,6,2014,"d_1244",0,0,1
"2014-06-26",11421,6,6,2014,"d_1245",0,2,1
"2014-06-27",11421,7,6,2014,"d_1246",0,0,1
"2014-06-28",11422,1,6,2014,"d_1247",0,0,0
"2014-06-29",11422,2,6,2014,"d_1248",1,0,0
"2014-06-30",11422,3,6,2014,"d_1249",0,1,1
"2014-07-01",11422,4,7,2014,"d_1250",0,1,1
"2014-07-02",11422,5,7,2014,"d_1251",0,1,1
"2014-07-03",11422,6,7,2014,"d_1252",0,0,1
"2014-07-04",11422,7,7,2014,"d_1253",1,2,1
"2014-07-05",11423,1,7,2014,"d_1254",0,0,0
"2014-07-06",11423,2,7,2014,"d_1255",0,2,0
"2014-07-07",11423,3,7,2014,"d_1256",0,1,1
"2014-07-08",11423,4,7,2014,"d_1257",0,3,1
"2014-07-09",11423,5,7,2014,"d_1258",0,2,1
"2014-07-10",11423,6,7,2014,"d_1259",0,0,1
"2014-07-11",11423,7,7,2014,"d_1260",0,1,1
"2014-07-12",11424,1,7,2014,"d_1261",0,1,0
"2014-07-13",11424,2,7,2014,"d_1262",0,0,0
"2014-07-14",11424,3,7,2014,"d_1263",0,0,1
"2014-07-15",11424,4,7,2014,"d_1264",0,0,1
"2014-07-16",11424,5,7,2014,"d_1265",0,0,1
"2014-07-17",11424,6,7,2014,"d_1266",0,1,1
"2014-07-18",11424,7,7,2014,"d_1267",0,3,1
"2014-07-19",11425,1,7,2014,"d_1268",0,0,0
"2014-07-20",11425,2,7,2014,"d_1269",0,1,0
"2014-07-21",11425,3,7,2014,"d_1270",0,2,1
"2014-07-22",11425,4,7,2014,"d_1271",0,0,1
"2014-07-23",11425,5,7,2014,"d_1272",0,1,1
"2014-07-24",11425,6,7,2014,"d_1273",0,0,1
"2014-07-25",11425,7,7,2014,"d_1274",0,0,1
"2014-07-26",11426,1,7,2014,"d_1275",0,1,0
"2014-07-27",11426,2,7,2014,"d_1276",0,1,0
"2014-07-28",11426,3,7,2014,"d_1277",0,0,1
"2014-07-29",11426,4,7,2014,"d_1278",1,0,1
"2014-07-30",11426,5,7,2014,"d_1279",0,0,1
"2014-07-31",11426,6,7,2014,"d_1280",0,0,1
"2014-08-01",11426,7,8,2014,"d_1281",0,3,1
"2014-08-02",11427,1,8,2014,"d_1282",0,2,0
"2014-08-03",11427,2,8,2014,"d_1283",0,0,0
"2014-08-04",11427,3,8,2014,"d_1284",0,0,1
"2014-08-05",11427,4,8,2014,"d_1285",0,1,1
"2014-08-06",11427,5,8,2014,"d_1286",0,1,1
"2014-08-07",11427,6,8,2014,"d_1287",0,1,1
"2014-08-08",11427,7,8,2014,"d_1288",0,0,1
"2014-08-09",11428,1,8,2014,"d_1289",0,1,0
"2014-08-10",11428,2,8,2014,"d_1290",0,1,0
"2014-08-11",11428,3,8,2014,"d_1291",0,3,1
"2014-08-12",11428,4,8,2014,"d_1292",0,1,1
"2014-08-13",11428,5,8,2014,"d_1293",0,0,1
"2014-08-14",11428,6,8,2014,"d_1294",0,4,1
"2014-08-15",11428,7,8,2014,"d_1295",0,1,1
"2014-08-16",11429,1,8,2014,"d_1296",0,0,0
"2014-08-17",11429,2,8,2014,"d_1297",0,1,0
"2014-08-18",11429,3,8,2014,"d_1298",0,1,1
"2014-08-19",11429,4,8,2014,"d_1299",0,2,1
"2014-08-20",11429,5,8,2014,"d_1300",0,4,1
"2014-08-21",11429,6,8,2014,"d_1301",0,4,1
"2014-08-22",11429,7,8,2014,"d_1302",0,1,1
"2014-08-23",11430,1,8,2014,"d_1303",0,3,0
"2014-08-24",11430,2,8,2014,"d_1304",0,1,0
"2014-08-25",11430,3,8,2014,"d_1305",0,0,1
"2014-08-26",11430,4,8,2014,"d_1306",0,0,1
"2014-08-27",11430,5,8,2014,"d_1307",0,1,1
"2014-08-28",11430,6,8,2014,"d_1308",0,2,1
"2014-08-29",11430,7,8,2014,"d_1309",0,0,1
"2014-08-30",11431,1,8,2014,"d_1310",0,3,0
"2014-08-31",11431,2,8,2014,"d_1311",0,0,0
"2014-09-01",11431,3,9,2014,"d_1312",1,0,1
"2014-09-02",11431,4,9,2014,"d_1313",0,1,1
"2014-09-03",11431,5,9,2014,"d_1314",0,0,1
"2014-09-04",11431,6,9,2014,"d_1315",0,0,1
"2014-09-05",11431,7,9,2014,"d_1316",0,2,1
"2014-09-06",11432,1,9,2014,"d_1317",0,1,0
"2014-09-07",11432,2,9,2014,"d_1318",0,0,0
"2014-09-08",11432,3,9,2014,"d_1319",0,0,1
"2014-09-09",11432,4,9,2014,"d_1320",0,0,1
"2014-09-10",11432,5,9,2014,"d_1321",0,0,1
"2014-09-11",11432,6,9,2014,"d_1322",0,1,1
"2014-09-12",11432,7,9,2014,"d_1323",0,0,1
"2014-09-13",11433,1,9,2014,"d_1324",0,0,0
"2014-09-14",11433,2,9,2014,"d_1325",0,4,0
"2014-09-15",11433,3,9,2014,"d_1326",0,1,1
"2014-09-16",11433,4,9,2014,"d_1327",0,2,1
"2014-09-17",11433,5,9,2014,"d_1328",0,2,1
"2014-09-18",11433,6,9,2014,"d_1329",0,0,1
"2014-09-19",11433,7,9,2014,"d_1330",0,1,1
"2014-09-20",11434,1,9,2014,"d_1331",0,2,0
"2014-09-21",11434,2,9,2014,"d_1332",0,2,0
"2014-09-22",11434,3,9,2014,"d_1333",0,1,1
"2014-09-23",11434,4,9,2014,"d_1334",0,1,1
"2014-09-24",11434,5,9,2014,"d_1335",0,0,1
"2014-09-25",11434,6,9,2014,"d_1336",0,1,1
"2014-09-26",11434,7,9,2014,"d_1337",0,3,1
"2014-09-27",11435,1,9,2014,"d_1338",0,3,0
"2014-09-28",11435,2,9,2014,"d_1339",0,3,0
"2014-09-29",11435,3,9,2014,"d_1340",0,1,1
"2014-09-30",11435,4,9,2014,"d_1341",0,3,1
"2014-10-01",11435,5,10,2014,"d_1342",0,1,1
"2014-10-02",11435,6,10,2014,"d_1343",0,2,1
"2014-10-03",11435,7,10,2014,"d_1344",0,1,1
"2014-10-04",11436,1,10,2014,"d_1345",1,4,0
"2014-10-05",11436,2,10,2014,"d_1346",0,2,0
"2014-10-06",11436,3,10,2014,"d_1347",0,2,1
"2014-10-07",11436,4,10,2014,"d_1348",0,5,1
"2014-10-08",11436,5,10,2014,"d_1349",0,6,1
"2014-10-09",11436,6,10,2014,"d_1350",0,2,1
"2014-10-10",11436,7,10,2014,"d_1351",0,2,1
"2014-10-11",11437,1,10,2014,"d_1352",0,1,0
"2014-10-12",11437,2,10,2014,"d_1353",0,2,0
"2014-10-13",11437,3,10,2014,"d_1354",1,0,1
"2014-10-14",11437,4,10,2014,"d_1355",0,0,1
"2014-10-15",11437,5,10,2014,"d_1356",0,2,1
"2014-10-16",11437,6,10,2014,"d_1357",0,3,1
"2014-10-17",11437,7,10,2014,"d_1358",0,1,1
"2014-10-18",11438,1,10,2014,"d_1359",0,2,0
"2014-10-19",11438,2,10,2014,"d_1360",0,0,0
"2014-10-20",11438,3,10,2014,"d_1361",0,4,1
"2014-10-21",11438,4,10,2014,"d_1362",0,0,1
"2014-10-22",11438,5,10,2014,"d_1363",0,5,1
"2014-10-23",11438,6,10,2014,"d_1364",0,0,1
"2014-10-24",11438,7,10,2014,"d_1365",0,2,1
"2014-10-25",11439,1,10,2014,"d_1366",0,2,0
"2014-10-26",11439,2,10,2014,"d_1367",0,2,0
"2014-10-27",11439,3,10,2014,"d_1368",0,0,1
"2014-10-28",11439,4,10,2014,"d_1369",0,2,1
"2014-10-29",11439,5,10,2014,"d_1370",0,3,1
"2014-10-30",11439,6,10,2014,"d_1371",0,5,1
"2014-10-31",11439,7,10,2014,"d_1372",1,5,1
"2014-11-01",11440,1,11,2014,"d_1373",0,2,0
"2014-11-02",11440,2,11,2014,"d_1374",0,2,0
"2014-11-03",11440,3,11,2014,"d_1375",0,0,1
"2014-11-04",11440,4,11,2014,"d_1376",0,2,1
"2014-11-05",11440,5,11,2014,"d_1377",0,0,1
"2014-11-06",11440,6,11,2014,"d_1378",0,0,1
"2014-11-07",11440,7,11,2014,"d_1379",0,1,1
"2014-11-08",11441,1,11,2014,"d_1380",0,3,0
"2014-11-09",11441,2,11,2014,"d_1381",0,2,0
"2014-11-10",11441,3,11,2014,"d_1382",0,1,1
"2014-11-11",11441,4,11,2014,"d_1383",1,2,1
"2014-11-12",11441,5,11,2014,"d_1384",0,4,1
"2014-11-13",11441,6,11,2014,"d_1385",0,0,1
"2014-11-14",11441,7,11,2014,"d_1386",0,1,1
"2014-11-15",11442,1,11,2014,"d_1387",0,1,0
"2014-11-16",11442,2,11,2014,"d_1388",0,1,0
"2014-11-17",11442,3,11,2014,"d_1389",0,1,1
"2014-11-18",11442,4,11,2014,"d_1390",0,1,1
"2014-11-19",11442,5,11,2014,"d_1391",0,2,1
"2014-11-20",11442,6,11,2014,"d_1392",0,2,1
"2014-11-21",11442,7,11,2014,"d_1393",0,0,1
"2014-11-22",11443,1,11,2014,"d_1394",0,1,0
"2014-11-23",11443,2,11,2014,"d_1395",0,3,0
"2014-11-24",11443,3,11,2014,"d_1396",0,1,1
"2014-11-25",11443,4,11,2014,"d_1397",0,0,1
"2014-11-26",11443,5,11,2014,"d_1398",0,1,1
"2014-11-27",11443,6,11,2014,"d_1399",1,0,1
"2014-11-28",11443,7,11,2014,"d_1400",0,2,1
"2014-11-29",11444,1,11,2014,"d_1401",0,2,0
"2014-11-30",11444,2,11,2014,"d_1402",0,1,0
"2014-12-01",11444,3,12,2014,"d_1403",0,0,1
"2014-12-02",11444,4,12,2014,"d_1404",0,2,1
"2014-12-03",11444,5,12,2014,"d_1405",0,1,1
"2014-12-04",11444,6,12,2014,"d_1406",0,0,1
"2014-12-05",11444,7,12,2014,"d_1407",0,0,1
"2014-12-06",11445,1,12,2014,"d_1408",0,2,0
"2014-12-07",11445,2,12,2014,"d_1409",0,0,0
"2014-12-08",11445,3,12,2014,"d_1410",0,2,1
"2014-12-09",11445,4,12,2014,"d_1411",0,2,1
"2014-12-10",11445,5,12,2014,"d_1412",0,6,1
"2014-12-11",11445,6,12,2014,"d_1413",0,4,1
"2014-12-12",11445,7,12,2014,"d_1414",0,5,1
"2014-12-13",11446,1,12,2014,"d_1415",0,3,0
"2014-12-14",11446,2,12,2014,"d_1416",0,3,0
"2014-12-15",11446,3,12,2014,"d_1417",0,0,1
"2014-12-16",11446,4,12,2014,"d_1418",0,1,1
"2014-12-17",11446,5,12,2014,"d_1419",0,3,1
"2014-12-18",11446,6,12,2014,"d_1420",0,0,1
"2014-12-19",11446,7,12,2014,"d_1421",0,1,1
"2014-12-20",11447,1,12,2014,"d_1422",0,1,0
"2014-12-21",11447,2,12,2014,"d_1423",0,0,0
"2014-12-22",11447,3,12,2014,"d_1424",0,1,1
"2014-12-23",11447,4,12,2014,"d_1425",0,0,1
"2014-12-24",11447,5,12,2014,"d_1426",1,4,1
"2014-12-25",11447,6,12,2014,"d_1427",1,0,1
"2014-12-26",11447,7,12,2014,"d_1428",0,0,1
"2014-12-27",11448,1,12,2014,"d_1429",0,0,0
"2014-12-28",11448,2,12,2014,"d_1430",0,0,0
"2014-12-29",11448,3,12,2014,"d_1431",0,0,1
"2014-12-30",11448,4,12,2014,"d_1432",0,1,1
"2014-12-31",11448,5,12,2014,"d_1433",0,4,1
"2015-01-01",11448,6,1,2015,"d_1434",1,1,1
"2015-01-02",11448,7,1,2015,"d_1435",0,3,1
"2015-01-03",11449,1,1,2015,"d_1436",0,1,0
"2015-01-04",11449,2,1,2015,"d_1437",0,3,0
"2015-01-05",11449,3,1,2015,"d_1438",0,0,1
"2015-01-06",11449,4,1,2015,"d_1439",0,0,1
"2015-01-07",11449,5,1,2015,"d_1440",1,1,1
"2015-01-08",11449,6,1,2015,"d_1441",0,1,1
"2015-01-09",11449,7,1,2015,"d_1442",0,0,1
"2015-01-10",11450,1,1,2015,"d_1443",0,6,0
"2015-01-11",11450,2,1,2015,"d_1444",0,0,0
"2015-01-12",11450,3,1,2015,"d_1445",0,1,1
"2015-01-13",11450,4,1,2015,"d_1446",0,2,1
"2015-01-14",11450,5,1,2015,"d_1447",0,0,1
"2015-01-15",11450,6,1,2015,"d_1448",0,2,1
"2015-01-16",11450,7,1,2015,"d_1449",0,0,1
"2015-01-17",11451,1,1,2015,"d_1450",0,0,0
"2015-01-18",11451,2,1,2015,"d_1451",0,1,0
"2015-01-19",11451,3,1,2015,"d_1452",1,0,1
"2015-01-20",11451,4,1,2015,"d_1453",0,1,1
"2015-01-21",11451,5,1,2015,"d_1454",0,0,1
"2015-01-22",11451,6,1,2015,"d_1455",0,0,1
"2015-01-23",11451,7,1,2015,"d_1456",0,3,1
"2015-01-24",11452,1,1,2015,"d_1457",0,2,0
"2015-01-25",11452,2,1,2015,"d_1458",0,0,0
"2015-01-26",11452,3,1,2015,"d_1459",0,0,1
"2015-01-27",11452,4,1,2015,"d_1460",0,2,1
"2015-01-28",11452,5,1,2015,"d_1461",0,0,1
"2015-01-29",11452,6,1,2015,"d_1462",0,3,1
"2015-01-30",11452,7,1,2015,"d_1463",0,2,1
"2015-01-31",11501,1,1,2015,"d_1464",0,1,0
"2015-02-01",11501,2,2,2015,"d_1465",1,1,0
"2015-02-02",11501,3,2,2015,"d_1466",0,0,1
"2015-02-03",11501,4,2,2015,"d_1467",0,0,1
"2015-02-04",11501,5,2,2015,"d_1468",0,1,1
"2015-02-05",11501,6,2,2015,"d_1469",0,0,1
"2015-02-06",11501,7,2,2015,"d_1470",0,0,1
"2015-02-07",11502,1,2,2015,"d_1471",0,4,0
"2015-02-08",11502,2,2,2015,"d_1472",0,2,0
"2015-02-09",11502,3,2,2015,"d_1473",0,0,1
"2015-02-10",11502,4,2,2015,"d_1474",0,0,1
"2015-02-11",11502,5,2,2015,"d_1475",0,2,1
"2015-02-12",11502,6,2,2015,"d_1476",0,2,1
"2015-02-13",11502,7,2,2015,"d_1477",0,7,1
"2015-02-14",11503,1,2,2015,"d_1478",1,0,0
"2015-02-15",11503,2,2,2015,"d_1479",0,0,0
"2015-02-16",11503,3,2,2015,"d_1480",1,0,1
"2015-02-17",11503,4,2,2015,"d_1481",0,0,1
"2015-02-18",11503,5,2,2015,"d_1482",1,2,1
"2015-02-19",11503,6,2,2015,"d_1483",0,1,1
"2015-02-20",11503,7,2,2015,"d_1484",0,0,1
"2015-02-21",11504,1,2,2015,"d_1485",0,2,0
"2015-02-22",11504,2,2,2015,"d_1486",0,0,0
"2015-02-23",11504,3,2,2015,"d_1487",0,0,1
"2015-02-24",11504,4,2,2015,"d_1488",0,2,1
"2015-02-25",11504,5,2,2015,"d_1489",1,2,1
"2015-02-26",11504,6,2,2015,"d_1490",0,0,1
"2015-02-27",11504,7,2,2015,"d_1491",0,2,1
"2015-02-28",11505,1,2,2015,"d_1492",0,2,0
"2015-03-01",11505,2,3,2015,"d_1493",0,1,0
"2015-03-02",11505,3,3,2015,"d_1494",0,1,1
"2015-03-03",11505,4,3,2015,"d_1495",0,1,1
"2015-03-04",11505,5,3,2015,"d_1496",0,2,1
"2015-03-05",11505,6,3,2015,"d_1497",1,0,1
"2015-03-06",11505,7,3,2015,"d_1498",0,0,1
"2015-03-07",11506,1,3,2015,"d_1499",0,0,0
"2015-03-08",11506,2,3,2015,"d_1500",0,4,0
"2015-03-09",11506,3,3,2015,"d_1501",0,0,1
"2015-03-10",11506,4,3,2015,"d_1502",0,0,1
"2015-03-11",11506,5,3,2015,"d_1503",0,1,1
"2015-03-12",11506,6,3,2015,"d_1504",0,1,1
"2015-03-13",11506,7,3,2015,"d_1505",0,1,1
"2015-03-14",11507,1,3,2015,"d_1506",0,2,0
"2015-03-15",11507,2,3,2015,"d_1507",0,2,0
"2015-03-16",11507,3,3,2015,"d_1508",0,0,1
"2015-03-17",11507,4,3,2015,"d_1509",1,1,1
"2015-03-18",11507,5,3,2015,"d_1510",0,2,1
"2015-03-19",11507,6,3,2015,"d_1511",0,0,1
"2015-03-20",11507,7,3,2015,"d_1512",0,1,1
"2015-03-21",11508,1,3,2015,"d_1513",0,1,0
"2015-03-22",11508,2,3,2015,"d_1514",0,0,0
"2015-03-23",11508,3,3,2015,"d_1515",0,1,1
"2015-03-24",11508,4,3,2015,"d_1516",0,3,1
"2015-03-25",11508,5,3,2015,"d_1517",0,1,1
"2015-03-26",11508,6,3,2015,"d_1518",0,0,1
"2015-03-27",11508,7,3,2015,"d_1519",0,1,1
"2015-03-28",11509,1,3,2015,"d_1520",0,0,0
"2015-03-29",11509,2,3,2015,"d_1521",0,2,0
"2015-03-30",11509,3,3,2015,"d_1522",0,1,1
"2015-03-31",11509,4,3,2015,"d_1523",0,0,1
"2015-04-01",11509,5,4,2015,"d_1524",0,2,1
"2015-04-02",11509,6,4,2015,"d_1525",0,0,1
"2015-04-03",11509,7,4,2015,"d_1526",0,5,1
"2015-04-04",11510,1,4,2015,"d_1527",0,0,0
"2015-04-05",11510,2,4,2015,"d_1528",1,1,0
"2015-04-06",11510,3,4,2015,"d_1529",0,0,1
"2015-04-07",11510,4,4,2015,"d_1530",0,0,1
"2015-04-08",11510,5,4,2015,"d_1531",0,0,1
"2015-04-09",11510,6,4,2015,"d_1532",0,0,1
"2015-04-10",11510,7,4,2015,"d_1533",0,2,1
"2015-04-11",11511,1,4,2015,"d_1534",1,0,0
"2015-04-12",11511,2,4,2015,"d_1535",1,0,0
"2015-04-13",11511,3,4,2015,"d_1536",0,1,1
"2015-04-14",11511,4,4,2015,"d_1537",0,3,1
"2015-04-15",11511,5,4,2015,"d_1538",0,1,1
"2015-04-16",11511,6,4,2015,"d_1539",0,0,1
"2015-04-17",11511,7,4,2015,"d_1540",0,2,1
"2015-04-18",11512,1,4,2015,"d_1541",0,2,0
"2015-04-19",11512,2,4,2015,"d_1542",0,4,0
"2015-04-20",11512,3,4,2015,"d_1543",0,0,1
"2015-04-21",11512,4,4,2015,"d_1544",0,0,1
"2015-04-22",11512,5,4,2015,"d_1545",0,0,1
"2015-04-23",11512,6,4,2015,"d_1546",0,3,1
"2015-04-24",11512,7,4,2015,"d_1547",0,0,1
"2015-04-25",11513,1,4,2015,"d_1548",0,2,0
"2015-04-26",11513,2,4,2015,"d_1549",0,2,0
"2015-04-27",11513,3,4,2015,"d_1550",0,1,1
"2015-04-28",11513,4,4,2015,"d_1551",0,0,1
"2015-04-29",11513,5,4,2015,"d_1552",0,1,1
"2015-04-30",11513,6,4,2015,"d_1553",0,0,1
"2015-05-01",11513,7,5,2015,"d_1554",0,2,1
"2015-05-02",11514,1,5,2015,"d_1555",0,2,0
"2015-05-03",11514,2,5,2015,"d_1556",0,4,0
"2015-05-04",11514,3,5,2015,"d_1557",0,6,1
"2015-05-05",11514,4,5,2015,"d_1558",1,1,1
"2015-05-06",11514,5,5,2015,"d_1559",0,2,1
"2015-05-07",11514,6,5,2015,"d_1560",0,1,1
"2015-05-08",11514,7,5,2015,"d_1561",0,2,1
"2015-05-09",11515,1,5,2015,"d_1562",0,2,0
"2015-05-10",11515,2,5,2015,"d_1563",1,1,0
"2015-05-11",11515,3,5,2015,"d_1564",0,2,1
"2015-05-12",11515,4,5,2015,"d_1565",0,4,1
"2015-05-13",11515,5,5,2015,"d_1566",0,3,1
"2015-05-14",11515,6,5,2015,"d_1567",0,2,1
"2015-05-15",11515,7,5,2015,"d_1568",0,0,1
"2015-05-16",11516,1,5,2015,"d_1569",0,3,0
"2015-05-17",11516,2,5,2015,"d_1570",0,2,0
"2015-05-18",11516,3,5,2015,"d_1571",0,2,1
"2015-05-19",11516,4,5,2015,"d_1572",0,1,1
"2015-05-20",11516,5,5,2015,"d_1573",0,1,1
"2015-05-21",11516,6,5,2015,"d_1574",0,1,1
"2015-05-22",11516,7,5,2015,"d_1575",0,2,1
"2015-05-23",11517,1,5,2015,"d_1576",0,1,0
"2015-05-24",11517,2,5,2015,"d_1577",0,5,0
"2015-05-25",11517,3,5,2015,"d_1578",1,1,1
"2015-05-26",11517,4,5,2015,"d_1579",0,0,1
"2015-05-27",11517,5,5,2015,"d_1580",0,0,1
"2015-05-28",11517,6,5,2015,"d_1581",0,0,1
"2015-05-29",11517,7,5,2015,"d_1582",0,2,1
"2015-05-30",11518,1,5,2015,"d_1583",0,2,0
"2015-05-31",11518,2,5,2015,"d_1584",0,3,0
"2015-06-01",11518,3,6,2015,"d_1585",0,1,1
"2015-06-02",11518,4,6,2015,"d_1586",0,0,1
"2015-06-03",11518,5,6,2015,"d_1587",0,0,1
"2015-06-04",11518,6,6,2015,"d_1588",1,3,1
"2015-06-05",11518,7,6,2015,"d_1589",0,1,1
"2015-06-06",11519,1,6,2015,"d_1590",0,1,0
"2015-06-07",11519,2,6,2015,"d_1591",0,1,0
"2015-06-08",11519,3,6,2015,"d_1592",0,1,1
"2015-06-09",11519,4,6,2015,"d_1593",0,1,1
"2015-06-10",11519,5,6,2015,"d_1594",0,0,1
"2015-06-11",11519,6,6,2015,"d_1595",0,0,1
"2015-06-12",11519,7,6,2015,"d_1596",0,1,1
"2015-06-13",11520,1,6,2015,"d_1597",0,1,0
"2015-06-14",11520,2,6,2015,"d_1598",0,2,0
"2015-06-15",11520,3,6,2015,"d_1599",0,0,1
"2015-06-16",11520,4,6,2015,"d_1600",1,0,1
"2015-06-17",11520,5,6,2015,"d_1601",0,0,1
"2015-06-18",11520,6,6,2015,"d_1602",1,1,1
"2015-06-19",11520,7,6,2015,"d_1603",0,0,1
"2015-06-20",11521,1,6,2015,"d_1604",0,0,0
"2015-06-21",11521,2,6,2015,"d_1605",1,2,0
"2015-06-22",11521,3,6,2015,"d_1606",0,0,1
"2015-06-23",11521,4,6,2015,"d_1607",0,5,1
"2015-06-24",11521,5,6,2015,"d_1608",0,0,1
"2015-06-25",11521,6,6,2015,"d_1609",0,0,1
"2015-06-26",11521,7,6,2015,"d_1610",0,2,1
"2015-06-27",11522,1,6,2015,"d_1611",0,1,0
"2015-06-28",11522,2,6,2015,"d_1612",0,1,0
"2015-06-29",11522,3,6,2015,"d_1613",0,2,1
"2015-06-30",11522,4,6,2015,"d_1614",0,1,1
"2015-07-01",11522,5,7,2015,"d_1615",0,1,1
"2015-07-02",11522,6,7,2015,"d_1616",0,0,1
"2015-07-03",11522,7,7,2015,"d_1617",0,0,1
"2015-07-04",11523,1,7,2015,"d_1618",1,1,0
"2015-07-05",11523,2,7,2015,"d_1619",0,1,0
"2015-07-06",11523,3,7,2015,"d_1620",0,1,1
"2015-07-07",11523,4,7,2015,"d_1621",0,0,1
"2015-07-08",11523,5,7,2015,"d_1622",0,1,1
"2015-07-09",11523,6,7,2015,"d_1623",0,1,1
"2015-07-10",11523,7,7,2015,"d_1624",0,1,1
"2015-07-11",11524,1,7,2015,"d_1625",0,0,0
"2015-07-12",11524,2,7,2015,"d_1626",0,0,0
"2015-07-13",11524,3,7,2015,"d_1627",0,3,1
"2015-07-14",11524,4,7,2015,"d_1628",0,0,1
"2015-07-15",11524,5,7,2015,"d_1629",0,4,1
"2015-07-16",11524,6,7,2015,"d_1630",0,0,1
"2015-07-17",11524,7,7,2015,"d_1631",0,0,1
"2015-07-18",11525,1,7,2015,"d_1632",1,0,0
"2015-07-19",11525,2,7,2015,"d_1633",0,2,0
"2015-07-20",11525,3,7,2015,"d_1634",0,0,1
"2015-07-21",11525,4,7,2015,"d_1635",0,2,1
"2015-07-22",11525,5,7,2015,"d_1636",0,0,1
"2015-07-23",11525,6,7,2015,"d_1637",0,3,1
"2015-07-24",11525,7,7,2015,"d_1638",0,1,1
"2015-07-25",11526,1,7,2015,"d_1639",0,0,0
"2015-07-26",11526,2,7,2015,"d_1640",0,0,0
"2015-07-27",11526,3,7,2015,"d_1641",0,0,1
"2015-07-28",11526,4,7,2015,"d_1642",0,1,1
"2015-07-29",11526,5,7,2015,"d_1643",0,2,1
"2015-07-30",11526,6,7,2015,"d_1644",0,0,1
"2015-07-31",11526,7,7,2015,"d_1645",0,1,1
"2015-08-01",11527,1,8,2015,"d_1646",0,0,0
"2015-08-02",11527,2,8,2015,"d_1647",0,0,0
"2015-08-03",11527,3,8,2015,"d_1648",0,1,1
"2015-08-04",11527,4,8,2015,"d_1649",0,1,1
"2015-08-05",11527,5,8,2015,"d_1650",0,0,1
"2015-08-06",11527,6,8,2015,"d_1651",0,2,1
"2015-08-07",11527,7,8,2015,"d_1652",0,0,1
"2015-08-08",11528,1,8,2015,"d_1653",0,2,0
"2015-08-09",11528,2,8,2015,"d_1654",0,2,0
"2015-08-10",11528,3,8,2015,"d_1655",0,2,1
"2015-08-11",11528,4,8,2015,"d_1656",0,0,1
"2015-08-12",11528,5,8,2015,"d_1657",0,0,1
"2015-08-13",11528,6,8,2015,"d_1658",0,1,1
"2015-08-14",11528,7,8,2015,"d_1659",0,3,1
"2015-08-15",11529,1,8,2015,"d_1660",0,1,0
"2015-08-16",11529,2,8,2015,"d_1661",0,0,0
"2015-08-17",11529,3,8,2015,"d_1662",0,0,1
"2015-08-18",11529,4,8,2015,"d_1663",0,0,1
"2015-08-19",11529,5,8,2015,"d_1664",0,1,1
"2015-08-20",11529,6,8,2015,"d_1665",0,0,1
"2015-08-21",11529,7,8,2015,"d_1666",0,1,1
"2015-08-22",11530,1,8,2015,"d_1667",0,1,0
"2015-08-23",11530,2,8,2015,"d_1668",0,1,0
"2015-08-24",11530,3,8,2015,"d_1669",0,0,1
"2015-08-25",11530,4,8,2015,"d_1670",0,2,1
"2015-08-26",11530,5,8,2015,"d_1671",0,1,1
"2015-08-27",11530,6,8,2015,"d_1672",0,2,1
"2015-08-28",11530,7,8,2015,"d_1673",0,1,1
"2015-08-29",11531,1,8,2015,"d_1674",0,2,0
"2015-08-30",11531,2,8,2015,"d_1675",0,1,0
"2015-08-31",11531,3,8,2015,"d_1676",0,0,1
"2015-09-01",11531,4,9,2015,"d_1677",0,2,1
"2015-09-02",11531,5,9,2015,"d_1678",0,0,1
"2015-09-03",11531,6,9,2015,"d_1679",0,2,1
"2015-09-04",11531,7,9,2015,"d_1680",0,0,1
"2015-09-05",11532,1,9,2015,"d_1681",0,2,0
"2015-09-06",11532,2,9,2015,"d_1682",0,2,0
"2015-09-07",11532,3,9,2015,"d_1683",1,3,1
"2015-09-08",11532,4,9,2015,"d_1684",0,0,1
"2015-09-09",11532,5,9,2015,"d_1685",0,0,1
"2015-09-10",11532,6,9,2015,"d_1686",0,0,1
"2015-09-11",11532,7,9,2015,"d_1687",0,1,1
"2015-09-12",11533,1,9,2015,"d_1688",0,3,0
"2015-09-13",11533,2,9,2015,"d_1689",0,0,0
"2015-09-14",11533,3,9,2015,"d_1690",0,1,1
"2015-09-15",11533,4,9,2015,"d_1691",0,0,1
"2015-09-16",11533,5,9,2015,"d_1692",0,0,1
"2015-09-17",11533,6,9,2015,"d_1693",0,0,1
"2015-09-18",11533,7,9,2015,"d_1694",0,1,1
"2015-09-19",11534,1,9,2015,"d_1695",0,0,0
"2015-09-20",11534,2,9,2015,"d_1696",0,2,0
"2015-09-21",11534,3,9,2015,"d_1697",0,1,1
"2015-09-22",11534,4,9,2015,"d_1698",0,0,1
"2015-09-23",11534,5,9,2015,"d_1699",0,0,1
"2015-09-24",11534,6,9,2015,"d_1700",1,3,1
"2015-09-25",11534,7,9,2015,"d_1701",0,2,1
"2015-09-26",11535,1,9,2015,"d_1702",0,0,0
"2015-09-27",11535,2,9,2015,"d_1703",0,0,0
"2015-09-28",11535,3,9,2015,"d_1704",0,0,1
"2015-09-29",11535,4,9,2015,"d_1705",0,1,1
"2015-09-30",11535,5,9,2015,"d_1706",0,2,1
"2015-10-01",11535,6,10,2015,"d_1707",0,2,1
"2015-10-02",11535,7,10,2015,"d_1708",0,2,1
"2015-10-03",11536,1,10,2015,"d_1709",0,0,0
"2015-10-04",11536,2,10,2015,"d_1710",0,2,0
"2015-10-05",11536,3,10,2015,"d_1711",0,2,1
"2015-10-06",11536,4,10,2015,"d_1712",0,1,1
"2015-10-07",11536,5,10,2015,"d_1713",0,2,1
"2015-10-08",11536,6,10,2015,"d_1714",0,0,1
"2015-10-09",11536,7,10,2015,"d_1715",0,1,1
"2015-10-10",11537,1,10,2015,"d_1716",0,2,0
"2015-10-11",11537,2,10,2015,"d_1717",0,0,0
"2015-10-12",11537,3,10,2015,"d_1718",1,0,1
"2015-10-13",11537,4,10,2015,"d_1719",0,2,1
"2015-10-14",11537,5,10,2015,"d_1720",0,1,1
"2015-10-15",11537,6,10,2015,"d_1721",0,1,1
"2015-10-16",11537,7,10,2015,"d_1722",0,1,1
"2015-10-17",11538,1,10,2015,"d_1723",0,1,0
"2015-10-18",11538,2,10,2015,"d_1724",0,1,0
"2015-10-19",11538,3,10,2015,"d_1725",0,7,1
"2015-10-20",11538,4,10,2015,"d_1726",0,1,1
"2015-10-21",11538,5,10,2015,"d_1727",0,3,1
"2015-10-22",11538,6,10,2015,"d_1728",0,3,1
"2015-10-23",11538,7,10,2015,"d_1729",0,1,1
"2015-10-24",11539,1,10,2015,"d_1730",0,0,0
"2015-10-25",11539,2,10,2015,"d_1731",0,2,0
"2015-10-26",11539,3,10,2015,"d_1732",0,0,1
"2015-10-27",11539,4,10,2015,"d_1733",0,2,1
"2015-10-28",11539,5,10,2015,"d_1734",0,5,1
"2015-10-29",11539,6,10,2015,"d_1735",0,2,1
"2015-10-30",11539,7,10,2015,"d_1736",0,5,1
"2015-10-31",11540,1,10,2015,"d_1737",1,2,0
"2015-11-01",11540,2,11,2015,"d_1738",0,0,0
"2015-11-02",11540,3,11,2015,"d_1739",0,1,1
"2015-11-03",11540,4,11,2015,"d_1740",0,0,1
"2015-11-04",11540,5,11,2015,"d_1741",0,1,1
"2015-11-05",11540,6,11,2015,"d_1742",0,0,1
"2015-11-06",11540,7,11,2015,"d_1743",0,3,1
"2015-11-07",11541,1,11,2015,"d_1744",0,0,0
"2015-11-08",11541,2,11,2015,"d_1745",0,2,0
"2015-11-09",11541,3,11,2015,"d_1746",0,3,1
"2015-11-10",11541,4,11,2015,"d_1747",0,1,1
"2015-11-11",11541,5,11,2015,"d_1748",1,1,1
"2015-11-12",11541,6,11,2015,"d_1749",0,3,1
"2015-11-13",11541,7,11,2015,"d_1750",0,0,1
"2015-11-14",11542,1,11,2015,"d_1751",0,1,0
"2015-11-15",11542,2,11,2015,"d_1752",0,3,0
"2015-11-16",11542,3,11,2015,"d_1753",0,1,1
"2015-11-17",11542,4,11,2015,"d_1754",0,3,1
"2015-11-18",11542,5,11,2015,"d_1755",0,3,1
"2015-11-19",11542,6,11,2015,"d_1756",0,4,1
"2015-11-20",11542,7,11,2015,"d_1757",0,0,1
"2015-11-21",11543,1,11,2015,"d_1758",0,3,0
"2015-11-22",11543,2,11,2015,"d_1759",0,0,0
"2015-11-23",11543,3,11,2015,"d_1760",0,0,1
"2015-11-24",11543,4,11,2015,"d_1761",0,2,1
"2015-11-25",11543,5,11,2015,"d_1762",0,2,1
"2015-11-26",11543,6,11,2015,"d_1763",1,0,1
"2015-11-27",11543,7,11,2015,"d_1764",0,2,1
"2015-11-28",11544,1,11,2015,"d_1765",0,1,0
"2015-11-29",11544,2,11,2015,"d_1766",0,2,0
"2015-11-30",11544,3,11,2015,"d_1767",0,3,1
"2015-12-01",11544,4,12,2015,"d_1768",0,1,1
"2015-12-02",11544,5,12,2015,"d_1769",0,3,1
"2015-12-03",11544,6,12,2015,"d_1770",0,0,1
"2015-12-04",11544,7,12,2015,"d_1771",0,5,1
"2015-12-05",11545,1,12,2015,"d_1772",0,2,0
"2015-12-06",11545,2,12,2015,"d_1773",0,3,0
"2015-12-07",11545,3,12,2015,"d_1774",0,1,1
"2015-12-08",11545,4,12,2015,"d_1775",0,0,1
"2015-12-09",11545,5,12,2015,"d_1776",0,5,1
"2015-12-10",11545,6,12,2015,"d_1777",0,1,1
"2015-12-11",11545,7,12,2015,"d_1778",0,1,1
"2015-12-12",11546,1,12,2015,"d_1779",0,3,0
"2015-12-13",11546,2,12,2015,"d_1780",0,2,0
"2015-12-14",11546,3,12,2015,"d_1781",1,2,1
"2015-12-15",11546,4,12,2015,"d_1782",0,1,1
"2015-12-16",11546,5,12,2015,"d_1783",0,2,1
"2015-12-17",11546,6,12,2015,"d_1784",0,0,1
"2015-12-18",11546,7,12,2015,"d_1785",0,1,1
"2015-12-19",11547,1,12,2015,"d_1786",0,2,0
"2015-12-20",11547,2,12,2015,"d_1787",0,3,0
"2015-12-21",11547,3,12,2015,"d_1788",0,1,1
"2015-12-22",11547,4,12,2015,"d_1789",0,0,1
"2015-12-23",11547,5,12,2015,"d_1790",0,3,1
"2015-12-24",11547,6,12,2015,"d_1791",0,2,1
"2015-12-25",11547,7,12,2015,"d_1792",1,0,1
"2015-12-26",11548,1,12,2015,"d_1793",0,0,0
"2015-12-27",11548,2,12,2015,"d_1794",0,2,0
"2015-12-28",11548,3,12,2015,"d_1795",0,1,1
"2015-12-29",11548,4,12,2015,"d_1796",0,2,1
"2015-12-30",11548,5,12,2015,"d_1797",0,2,1
"2015-12-31",11548,6,12,2015,"d_1798",0,0,1
"2016-01-01",11548,7,1,2016,"d_1799",1,0,1
"2016-01-02",11549,1,1,2016,"d_1800",0,0,0
"2016-01-03",11549,2,1,2016,"d_1801",0,1,0
"2016-01-04",11549,3,1,2016,"d_1802",0,1,1
"2016-01-05",11549,4,1,2016,"d_1803",0,2,1
"2016-01-06",11549,5,1,2016,"d_1804",0,2,1
"2016-01-07",11549,6,1,2016,"d_1805",1,2,1
"2016-01-08",11549,7,1,2016,"d_1806",0,0,1
"2016-01-09",11550,1,1,2016,"d_1807",0,3,0
"2016-01-10",11550,2,1,2016,"d_1808",0,4,0
"2016-01-11",11550,3,1,2016,"d_1809",0,2,1
"2016-01-12",11550,4,1,2016,"d_1810",0,1,1
"2016-01-13",11550,5,1,2016,"d_1811",0,0,1
"2016-01-14",11550,6,1,2016,"d_1812",0,0,1
"2016-01-15",11550,7,1,2016,"d_1813",0,5,1
"2016-01-16",11551,1,1,2016,"d_1814",0,3,0
"2016-01-17",11551,2,1,2016,"d_1815",0,1,0
"2016-01-18",11551,3,1,2016,"d_1816",1,0,1
"2016-01-19",11551,4,1,2016,"d_1817",0,0,1
"2016-01-20",11551,5,1,2016,"d_1818",0,0,1
"2016-01-21",11551,6,1,2016,"d_1819",0,1,1
"2016-01-22",11551,7,1,2016,"d_1820",0,0,1
"2016-01-23",11552,1,1,2016,"d_1821",0,1,0
"2016-01-24",11552,2,1,2016,"d_1822",0,2,0
"2016-01-25",11552,3,1,2016,"d_1823",0,5,1
"2016-01-26",11552,4,1,2016,"d_1824",0,1,1
"2016-01-27",11552,5,1,2016,"d_1825",0,0,1
"2016-01-28",11552,6,1,2016,"d_1826",0,2,1
"2016-01-29",11552,7,1,2016,"d_1827",0,0,1
"2016-01-30",11601,1,1,2016,"d_1828",0,6,0
"2016-01-31",11601,2,1,2016,"d_1829",0,2,0
"2016-02-01",11601,3,2,2016,"d_1830",0,2,1
"2016-02-02",11601,4,2,2016,"d_1831",0,4,1
"2016-02-03",11601,5,2,2016,"d_1832",0,2,1
"2016-02-04",11601,6,2,2016,"d_1833",0,3,1
"2016-02-05",11601,7,2,2016,"d_1834",0,3,1
"2016-02-06",11602,1,2,2016,"d_1835",0,1,0
"2016-02-07",11602,2,2,2016,"d_1836",1,4,0
"2016-02-08",11602,3,2,2016,"d_1837",0,4,1
"2016-02-09",11602,4,2,2016,"d_1838",0,2,1
"2016-02-10",11602,5,2,2016,"d_1839",1,7,1
"2016-02-11",11602,6,2,2016,"d_1840",0,5,1
"2016-02-12",11602,7,2,2016,"d_1841",0,2,1
"2016-02-13",11603,1,2,2016,"d_1842",0,4,0
"2016-02-14",11603,2,2,2016,"d_1843",1,3,0
"2016-02-15",11603,3,2,2016,"d_1844",1,1,1
"2016-02-16",11603,4,2,2016,"d_1845",0,0,1
"2016-02-17",11603,5,2,2016,"d_1846",1,3,1
"2016-02-18",11603,6,2,2016,"d_1847",0,3,1
"2016-02-19",11603,7,2,2016,"d_1848",0,1,1
"2016-02-20",11604,1,2,2016,"d_1849",0,2,0
"2016-02-21",11604,2,2,2016,"d_1850",0,9,0
"2016-02-22",11604,3,2,2016,"d_1851",0,5,1
"2016-02-23",11604,4,2,2016,"d_1852",0,1,1
"2016-02-24",11604,5,2,2016,"d_1853",0,0,1
"2016-02-25",11604,6,2,2016,"d_1854",0,1,1
"2016-02-26",11604,7,2,2016,"d_1855",0,1,1
"2016-02-27",11605,1,2,2016,"d_1856",0,0,0
"2016-02-28",11605,2,2,2016,"d_1857",0,2,0
"2016-02-29",11605,3,2,2016,"d_1858",0,1,1
"2016-03-01",11605,4,3,2016,"d_1859",0,4,1
"2016-03-02",11605,5,3,2016,"d_1860",0,1,1
"2016-03-03",11605,6,3,2016,"d_1861",0,8,1
"2016-03-04",11605,7,3,2016,"d_1862",0,2,1
"2016-03-05",11606,1,3,2016,"d_1863",0,4,0
"2016-03-06",11606,2,3,2016,"d_1864",0,0,0
"2016-03-07",11606,3,3,2016,"d_1865",0,0,1
"2016-03-08",11606,4,3,2016,"d_1866",0,1,1
"2016-03-09",11606,5,3,2016,"d_1867",0,1,1
"2016-03-10",11606,6,3,2016,"d_1868",0,1,1
"2016-03-11",11606,7,3,2016,"d_1869",0,1,1
"2016-03-12",11607,1,3,2016,"d_1870",0,1,0
"2016-03-13",11607,2,3,2016,"d_1871",0,0,0
"2016-03-14",11607,3,3,2016,"d_1872",0,2,1
"2016-03-15",11607,4,3,2016,"d_1873",0,1,1
"2016-03-16",11607,5,3,2016,"d_1874",0,2,1
"2016-03-17",11607,6,3,2016,"d_1875",1,2,1
"2016-03-18",11607,7,3,2016,"d_1876",0,4,1
"2016-03-19",11608,1,3,2016,"d_1877",0,1,0
"2016-03-20",11608,2,3,2016,"d_1878",0,2,0
"2016-03-21",11608,3,3,2016,"d_1879",0,1,1
"2016-03-22",11608,4,3,2016,"d_1880",0,1,1
"2016-03-23",11608,5,3,2016,"d_1881",0,1,1
"2016-03-24",11608,6,3,2016,"d_1882",1,1,1
"2016-03-25",11608,7,3,2016,"d_1883",0,3,1
"2016-03-26",11609,1,3,2016,"d_1884",0,1,0
"2016-03-27",11609,2,3,2016,"d_1885",1,2,0
"2016-03-28",11609,3,3,2016,"d_1886",0,1,1
"2016-03-29",11609,4,3,2016,"d_1887",0,1,1
"2016-03-30",11609,5,3,2016,"d_1888",0,0,1
"2016-03-31",11609,6,3,2016,"d_1889",0,0,1
"2016-04-01",11609,7,4,2016,"d_1890",0,1,1
"2016-04-02",11610,1,4,2016,"d_1891",0,2,0
"2016-04-03",11610,2,4,2016,"d_1892",0,1,0
"2016-04-04",11610,3,4,2016,"d_1893",0,3,1
"2016-04-05",11610,4,4,2016,"d_1894",0,0,1
"2016-04-06",11610,5,4,2016,"d_1895",0,4,1
"2016-04-07",11610,6,4,2016,"d_1896",0,2,1
"2016-04-08",11610,7,4,2016,"d_1897",0,4,1
"2016-04-09",11611,1,4,2016,"d_1898",0,1,0
"2016-04-10",11611,2,4,2016,"d_1899",0,4,0
"2016-04-11",11611,3,4,2016,"d_1900",0,5,1
"2016-04-12",11611,4,4,2016,"d_1901",0,3,1
"2016-04-13",11611,5,4,2016,"d_1902",0,5,1
"2016-04-14",11611,6,4,2016,"d_1903",0,4,1
"2016-04-15",11611,7,4,2016,"d_1904",0,4,1
"2016-04-16",11612,1,4,2016,"d_1905",0,4,0
"2016-04-17",11612,2,4,2016,"d_1906",0,1,0
"2016-04-18",11612,3,4,2016,"d_1907",0,1,1
"2016-04-19",11612,4,4,2016,"d_1908",0,0,1
"2016-04-20",11612,5,4,2016,"d_1909",0,1,1
"2016-04-21",11612,6,4,2016,"d_1910",0,0,1
"2016-04-22",11612,7,4,2016,"d_1911",0,2,1
"2016-04-23",11613,1,4,2016,"d_1912",0,1,0
"2016-04-24",11613,2,4,2016,"d_1913",0,4,0
